observation_date,GDPC1,INDPRO,PAYEMS,HOUST,RSXFS,CPIAUCSL,UNRATE,FEDFUNDS,GS10,BAA10YM,T10Y2Y
1990-01-01,,,,,,,-0.15742735614981865,2.285144014441036,2.0452247593519868,-0.7890328600437544,-0.9725513379713929
1990-02-01,,0.7642430480080454,0.17669470073246715,-0.9680127646599562,,0.6460229855311567,-0.21486706717745557,2.289416123098453,2.1795283409968946,-0.8734745872802709,-0.9944439183223905
1990-03-01,,0.3687726915639005,0.13247727003489548,-1.3809507616527734,,0.9304266498984503,-0.27230677820509197,2.30650455772812,2.2415146094483904,-0.9438426933107011,-1.1476919807793733
1990-04-01,,-0.3687038919090092,-0.07358264953280419,-0.40611431147660837,,0.05539857335264791,-0.15742735614981865,2.2979603404132867,2.34482505686755,-1.0986525265776481,-1.0382290790243855
1990-05-01,,0.18108292604628162,0.0715223477648238,-0.3671283269545569,,-0.23536765708254678,-0.15742735614981865,2.263783471153952,2.329328489754676,-0.9016218296924431,-0.9725513379713929
1990-06-01,1.4492515347356516,0.2149756556566905,-0.08815324150520441,-0.3675454578611836,,1.4902022628023843,-0.27230677820509197,2.3107766663855367,2.1846938633678525,-0.7749592388376683,-0.9616050477958942
1990-07-01,,-0.28377316096166455,-0.15704211489744352,-0.05872453440753911,,0.9049770896560118,-0.09998764512218225,2.2509671451817015,2.1795283409968946,-0.7890328600437544,-0.7645718246369162
1990-08-01,,0.2247778138524142,-0.36640914065975133,-0.6190287733959166,,2.31664559282626,0.014891776933091093,2.242422927866868,2.3241629673837183,-0.8875482084863571,-0.34861279796796313
1990-09-01,0.26623809424677347,-0.10649364725419043,-0.2177236217059787,-0.050856621437189733,,1.7281227794928287,0.12977119898836442,2.2723276884687853,2.396480280577131,-0.7608856176315822,-0.21725731586197777
1990-10-01,,-0.6830649184677249,-0.29060186524270304,-1.1481921171527332,,1.7109170134720013,0.12977119898836442,2.233878710552034,2.3086664002708446,-0.380897845067258,-0.18441844533548157
1990-11-01,,-1.356923123183687,-0.30298819923138826,1.5575151872908939,,0.024167805497662426,0.30209033207127417,2.1057154508295293,2.138204162029231,-0.0853517997394503,-0.23914989621297533
1990-12-01,-3.658296259228422,-0.8294386232475731,-0.1803866246605681,-2.123944662996407,,0.5784659808019198,0.35953004309891057,1.8921100179586878,1.9780729685295326,0.08353165473358282,-0.2719887667394717
1991-01-01,,-0.4306689039441762,-0.24856411000538567,-2.471934406698805,,0.5732893317539045,0.4169697541265475,1.7212256716620151,1.9832384909004905,0.0976052759396686,-0.04211667305399755
1991-02-01,,-0.8342311070342009,-0.5084758815139137,2.432161578932337,,-0.5367853353038349,0.5318491761818204,1.4392665002725045,1.8592659539974985,-0.09942542094553608,-0.020224092702999994
1991-03-01,-1.8761556594029116,-0.6744576004057922,-0.31877181507857083,-0.5892140722124048,,-0.8135317336941377,0.6467285982370937,1.3837290877260857,1.9935695356424061,-0.43719232989160234,0.0016684876479975644
1991-04-01,,0.14205886068666548,-0.3815533921636023,1.0697934784734477,,0.015477325128144552,0.5892888872094573,1.2940148059203325,1.9574108790457,-0.5497812995402911,0.08923880905198779
1991-05-01,,0.7962492558017114,-0.23363287323704315,-0.057406880788584656,,0.5640677447036962,0.7041683092647306,1.2384773933739137,1.9729074461585747,-0.7045911328072378,0.29721832238646434
1991-06-01,3.1066607576249794,0.6700020683748856,-0.020354136225036353,0.5091491504881357,,0.2848954366607689,0.7041683092647306,1.2897426972629156,2.081383415948692,-0.8594009660741848,0.35194977326395827
1991-07-01,,0.1577505039800225,-0.16376470465087095,0.3349391262364214,,-0.2655290565096348,0.6467285982370937,1.255565828003581,2.0762178935777342,-0.9438426933107011,0.3847886437904546
1991-08-01,,-0.1150015900856488,-0.10248333041715309,-0.16272335000985524,,0.2800636386479358,0.7041683092647306,1.1872120894849116,1.8850935658522887,-0.7608856176315822,0.5051978357209409
1991-09-01,2.016344141362225,0.6536104832250248,-0.07184815972462552,-0.41408318270280653,,0.2768659867971881,0.7041683092647306,1.0974978076791584,1.7559555065783388,-0.6060757843646352,0.5051978357209409
1991-10-01,,-0.16699312684547807,-0.08288670739964839,0.7870602096701581,,-0.26952615988129974,0.7616080202923671,0.9949671999011545,1.6939692381268427,-0.46533957230377454,0.6693921883534226
1991-11-01,,-0.2677212346026209,-0.18948802253696434,0.287338771352792,,0.8137395962791946,0.7616080202923671,0.8240828536044812,1.6371484920463046,-0.3668242238611722,0.9321031525653931
1991-12-01,1.3917553392431614,-0.5873629530159037,-0.07797485459321421,-0.2743080137172492,,0.2673842541533677,0.9339271533752768,0.6617427246226418,1.4666862538046908,-0.16979352697596686,1.1510289560753684
1992-01-01,,-0.6239703523649849,-0.07186003617885084,1.1054011199307763,,-0.5437915738564608,0.9339271533752768,0.490858378325969,1.4356931195789429,-0.26830887541856924,1.161975246250867
1992-02-01,,0.5694187090024502,-0.17968033344285297,0.7855108666296554,-0.15550487740559993,-0.005479944686997226,0.9913668644029137,0.5036747042982193,1.5958243130786407,-0.5638549207463772,1.2276529873038595
1992-03-01,4.760567368570179,0.7107112939800071,-0.04735167264748462,0.4776852226562715,-0.428750956832862,0.5293424387647324,0.9913668644029137,0.46949783503888476,1.6991347604978007,-0.8171801024559265,0.9321031525653931
1992-04-01,,0.6205666386285629,0.06765105671497446,-2.108089277286847,0.43910921286070465,-0.010122256591423873,0.9913668644029137,0.3626951186034641,1.668141626272053,-0.7890328600437544,1.2385992774793586
1992-05-01,,0.20524839736421285,0.044188559686995546,1.2769131361747508,0.022105708284052904,-0.011849401191973934,1.1062462864581866,0.4011440965202155,1.6216519249334305,-0.7749592388376683,1.2714381480058548
1992-06-01,4.31386743708444,-0.06419507278659212,-0.041453003935194806,-0.7404566165941308,0.21471943454112147,0.25270417413645563,1.22112570851346,0.3755114445757145,1.5545001341109765,-0.7045911328072378,1.3152233087078498
1992-07-01,,0.7763163789972937,-0.008545241820673318,-0.060552631340155455,0.3956464051043937,0.2496642957205006,1.1636859974858234,0.15763390304745642,1.3375481945307408,-0.40904508747943014,1.6217194336218157
1992-08-01,,-0.6585778673020568,0.03525300085288291,0.9461162187001186,-0.5114699421574788,-0.018119228685981943,1.1062462864581866,0.17899444633454048,1.2084101352567909,-0.3246033602429136,1.512256531866828
1992-09-01,3.9330411994981773,0.20596951230069488,-0.07209071107391783,-0.4169147703711443,0.55639461757028,-0.01981219734069956,1.1062462864581866,0.144817577075206,1.1205962549505049,-0.12757266335770828,1.6545583041483118
1992-10-01,,0.5396961643954019,0.11411762396152501,0.6160010275295775,0.3613176159075332,0.7688571528426598,0.9339271533752768,0.09355227318620404,1.2084101352567909,-0.05720455732727812,1.6436120139728128
1992-11-01,,0.25375203670197743,0.06028850922981377,-0.30510095501763707,-0.31624112769743074,0.2376761638472767,0.9913668644029137,0.08928016452878712,1.3530447616436148,-0.28238249662465564,1.40279363011184
1992-12-01,4.149821489325944,0.05001118892102744,0.15100808933755017,0.14248408045699476,0.37016652475891215,-0.2890369148611959,0.9913668644029137,0.0166543173527011,1.3013895379340346,-0.3527506026550858,1.1948141167773636
1993-01-01,,0.2583656223847452,0.23392933822769535,-0.17158289429293802,0.48802346968414617,0.4944869862085952,0.9339271533752768,0.05937540392686941,1.2135756576277488,-0.3105297390368278,1.3152233087078498
1993-02-01,,0.35276431350849463,0.19562746765608094,0.0065153788177714275,-0.46595254818762216,-0.030917060903228277,0.8190477313200034,0.06364751258428614,1.0379478970151768,-0.22608801180031124,1.260491857830356
1993-03-01,0.6672181048244852,-0.19878586248549335,-0.16661978721738938,-1.4089642075033864,-0.7252295804151814,-0.29269958937180796,0.7616080202923671,0.08073594721395347,0.8933132706283532,-0.16979352697596686,1.1181900855488718
1993-04-01,,0.15218606807029908,0.24196847293761697,1.9185988601884092,1.473177509354281,0.4853750295799445,0.8190477313200034,0.033742751982368424,0.8881477482573948,-0.16979352697596686,1.2276529873038595
1993-05-01,,-0.4821871225112973,0.21100258265671037,0.026793776361094555,0.0986472921445575,0.22234602881429963,0.8190477313200034,0.05083118661203574,0.924306404854101,-0.16979352697596686,1.1510289560753684
1993-06-01,2.32193150936979,0.10490591205447598,0.09039144554864124,0.20754707007033282,-0.30034715156530406,-0.5550112694646128,0.7616080202923671,0.06791962124170306,0.882982225886437,-0.25423525421248344,0.8664254115124004
1993-07-01,,0.14768993373682263,0.2587208308172251,-0.2554484022018701,0.9223867781794545,-0.29702783572824293,0.7041683092647306,0.07646383855653673,0.8054993903220669,-0.24016163300639704,0.7898013802839089
1993-08-01,,-0.2310878390578083,0.05965978369790461,0.4663939548300636,-0.5570908800174659,-0.04011475121180292,0.6467285982370937,0.06364751258428614,0.7383475994996129,-0.5216340571281189,0.735069929406415
1993-09-01,1.9040801899045334,0.400077182148193,0.18097724788851488,0.42191766915047146,0.20749148134273887,-0.29881011337600377,0.5892888872094573,0.08928016452878712,0.5730508836289573,-0.43719232989160234,0.548982996422936
1993-10-01,,0.5955244074483854,0.2254729841887554,0.4639662868476058,0.25403449514554927,0.7263841009628591,0.6467285982370937,0.046559077954619006,0.5575543165160832,-0.43719232989160234,0.49425154554544215
1993-11-01,,0.3289290471422864,0.18549240787229362,-0.14106139279471072,0.6306360682842289,0.20955739831940026,0.5318491761818204,0.05937540392686941,0.7590096889834449,-0.49348681471594674,0.6146607374759288
1993-12-01,5.4039292080304335,0.459695625935976,0.2853046657959823,1.385747643407463,0.24983298017438252,-0.04805266631730077,0.4744094651541839,0.033742751982368424,0.7848373008382349,-0.5216340571281189,0.6037144473004299
1994-01-01,,0.16522852876893918,0.21103170751400488,-2.3759412760649696,-0.564880043756615,-0.8135317336941377,0.5318491761818204,0.0721917298991198,0.7745062560963191,-0.5497812995402911,0.6584458981779239
1994-02-01,,-0.05729773408903008,0.09846655804305528,0.6427077077830018,0.7952627836853599,0.2046689117364973,0.5318491761818204,0.15763390304745642,0.8881477482573948,-0.7045911328072378,0.5380367062474373
1994-03-01,3.862740813035259,0.871987621285956,0.42909294925896024,2.008340520208226,0.9807106954698405,0.2018964082504982,0.4744094651541839,0.19608288096420778,1.1515893891762532,-0.9016218296924431,0.5270904160719385
1994-04-01,,0.4588085306593931,0.28787930378649396,-0.82822209204534,-0.25212073683102654,-0.5601061345991125,0.4169697541265475,0.29006927142737804,1.4046999853531947,-1.0423580417533038,0.45046638484344703
1994-05-01,,0.33198779981513116,0.2738450392551092,0.5272697419852086,-0.5403971733248825,-0.05428663657901257,0.24465062104363725,0.48231416101113517,1.5131759551433126,-1.1971678750202508,0.2315405813334717
1994-06-01,5.384328630134405,0.5396533290375919,0.2541203756157407,-1.0117646692686064,0.48007731223307887,0.1963964521955312,0.24465062104363725,0.584844768789139,1.4718517761756487,-1.0423580417533038,0.1768091304559778
1994-07-01,,0.015238534836883083,0.3133406032893781,0.2754561247497705,-0.16250553729469064,0.4450444009220476,0.24465062104363725,0.5891168774465558,1.5751622235948086,-1.1127261477837342,0.1768091304559778
1994-08-01,,0.5351276985782207,0.22534676668745166,0.10372438735347746,0.7927227232546114,0.6911740928176822,0.18721091001600085,0.6788311592523092,1.544169089369061,-1.1127261477837342,0.05639993852549146
1994-09-01,2.3315299597626904,0.19115035130090408,0.2820817927646154,0.21607272896339,0.3751017683470851,-0.06344950685700484,0.12977119898836442,0.7899059843451469,1.6578105815301367,-1.084578905371562,0.05639993852549146
1994-10-01,,0.6644186770618647,0.12807338299506152,-0.20304197132784713,0.23007868640826137,-0.5638392203706041,0.07233148796072751,0.8027223103173972,1.8024452079169608,-1.1690206326080785,0.012614777823496343
1994-11-01,,0.5478293182246178,0.3558121231357754,0.5325473612269744,-0.06784764259441796,0.18356980878490012,-0.04254793409454583,1.0291440691604892,1.9160867000780366,-1.3097568446689392,-0.21725731586197777
1994-12-01,4.556232746715239,0.8735937435416744,0.23651112001980681,-0.475574224333403,-0.08405524328384772,-0.06745128200130845,-0.09998764512218225,1.0974978076791584,1.8386038645136664,-1.4082721931115418,-0.8630884362164053
1995-01-01,,0.051277784863270046,0.26293218312069117,-0.4217092133105411,0.11182894664435256,0.17892595046405957,-0.04254793409454583,1.131674676938493,1.8231072974007927,-1.3941985719054557,-0.8083569853389113
1995-02-01,,-0.22353274455659417,0.10042829552660679,-0.8470067370913877,-1.1332821719605006,0.1762916867587511,-0.15742735614981865,1.2982869145777491,1.6629761039010946,-1.2816096022567673,-0.7098403737594224
1995-03-01,1.4166105843251842,0.04736964097282644,0.12846955122230455,-0.6605148362732131,0.4130609755148658,-0.07288450966320424,-0.15742735614981865,1.3239195665222503,1.5235069998852289,-1.1127261477837342,-0.6332163425309312
1995-04-01,,-0.2817190571933716,0.06454015874439797,0.1891691105567902,-0.23519440079502416,0.6633642747864147,0.07233148796072751,1.353824327124168,1.4511896866918166,-1.05643166295939,-0.5675386014779384
1995-05-01,,0.36194464041208396,-0.1374213956068909,0.4714770317062364,0.7013316679504809,-0.07727136676108977,-0.04254793409454583,1.3367358924945005,1.2290722247406227,-1.0142107993411316,-0.6003774720044348
1995-06-01,1.1915149860357133,0.2074980200414778,0.16282766883866948,-0.3181674056026135,0.5836748190935952,-0.0787221270439903,-0.04254793409454583,1.3324637838370839,0.9914581956765549,-0.7890328600437544,-0.6113237621799336
1995-07-01,,-0.5208763391521469,-0.011791687152897119,1.684891662990792,-0.6937060140741711,-0.32446182134456486,0.014891776933091093,1.2683821539758313,1.048278941757093,-0.7468119964254961,-0.5565923113024397
1995-08-01,,1.1652736807399002,0.18347405632814665,-0.39284717784905576,0.37741383769539016,-0.08112739735466097,0.014891776933091093,1.2213889587442464,1.156754911547211,-0.8312537236620127,-0.5456460211269409
1995-09-01,3.3885089042826166,0.2770766818292939,0.14114416815486538,-0.4243813177833911,-0.12954717630027904,-0.3260600894875863,-0.04254793409454583,1.247021610688747,1.006954762789429,-0.7890328600437544,-0.6770015032329262
1995-10-01,,-0.28476724330760866,0.057450017693658866,0.0065153788177714275,-0.4527818760278457,0.15950405571732573,-0.09998764512218225,1.22993317605908,0.924306404854101,-0.8171801024559265,-0.7207866639349213
1995-11-01,,0.1417540870077576,0.041500577776126965,0.7578953992123062,0.7592489771513566,-0.3279642761368825,-0.04254793409454583,1.247021610688747,0.8674856587735629,-0.7608856176315822,-0.6113237621799336
1995-12-01,2.7071466987720783,0.2226481204680803,0.06487803746920853,-0.1794540704877677,-0.054879071376331905,-0.3285957034381111,-0.04254793409454583,1.1615794375404105,0.7538441666124871,-0.7186647540133239,-0.6770015032329262
1996-01-01,,-0.6714503213781193,-0.1237161432408609,0.3236807267213189,-0.29576841481141614,1.1199308202257785,-0.04254793409454583,1.1444910029107431,0.7228510323867393,-0.6623702691889796,-0.5128071506004446
1996-02-01,,1.2973585115677164,0.3567555014471325,0.21366391745799768,0.7500693579218323,-0.09105991317660744,-0.09998764512218225,0.9992393085585711,0.8054993903220669,-0.6623702691889796,-0.25009618638847414
1996-03-01,2.985034692400035,-0.23289201135938123,0.16891694747485397,-0.5803952986475275,-0.009533926505610399,0.3874862278226667,-0.09998764512218225,1.0376882864753225,1.0431134193861347,-0.7468119964254961,-0.43618311937195325
1996-04-01,,0.8478333687090835,0.07031478543209652,0.8056898191525753,0.2771993037277305,0.6226026011219241,-0.04254793409454583,0.9992393085585711,1.1670859562891267,-0.8594009660741848,-0.5018608604249458
1996-05-01,,0.6093105888310613,0.26237460452641076,-0.09493083908103998,0.3458241691904687,-0.09753326468386314,-0.04254793409454583,1.0077835258734051,1.285892970821161,-1.0282844205472177,-0.4033442488454569
1996-06-01,6.616746723562983,0.6236663006534562,0.1881770079445059,-0.31145070479314835,-0.7407863101938607,-0.09890534818631487,-0.21486706717745557,1.0205998518456552,1.3737068511274468,-1.1267997689898204,-0.42523682919645445
1996-07-01,,-0.09896634499788891,0.16094538130344554,0.04994940700589399,0.14718856876290326,-0.10027218303802968,-0.09998764512218225,1.0761372643920744,1.3530447616436148,-1.1408733901959065,-0.447129409547452
1996-08-01,,0.3819858952471328,0.08309005245688342,0.7231420412436655,-0.21871285296438714,-0.3387821409730062,-0.3297464892327289,0.9992393085585711,1.2342377471115806,-1.05643166295939,-0.43618311937195325
1996-09-01,3.5721371730851104,0.4921730876338791,0.10815616176787216,-0.6841216270518198,0.4692537547070101,0.37070474806571097,-0.27230677820509197,1.0334161778179058,1.332382672159783,-1.084578905371562,-0.447129409547452
1996-10-01,,-0.08513967731569308,0.17710715469315327,-0.7328022192967051,0.44662589901499555,0.366955971672258,-0.27230677820509197,1.0077835258734051,1.177417001031043,-1.05643166295939,-0.42523682919645445
1996-11-01,,0.7743588703912505,0.1951263834747256,0.8664232664177532,-0.4046397424971415,0.36323085438706654,-0.15742735614981865,1.0376882864753225,1.006954762789429,-0.9860635569289594,-0.5565923113024397
1996-12-01,4.132062019747451,0.50645316754711,0.10020254057741833,-1.056753412443218,-0.08191005794535813,0.12521200863914664,-0.15742735614981865,1.0291440691604892,1.0586099864990088,-0.9860635569289594,-0.5346997309514421
1997-01-01,,0.039945701397816176,0.11845164035970325,-0.13402088726430053,0.44347194545840973,-0.1110214699565714,-0.21486706717745557,1.0120556345308218,1.203244612885833,-1.0986525265776481,-0.4799682800739484
1997-02-01,,1.0388546807815418,0.23155419294197677,1.1845753883034345,0.22360558044722145,-0.11234239257304074,-0.27230677820509197,0.986422982586321,1.1205962549505049,-1.084578905371562,-0.5346997309514421
1997-03-01,2.5734765352304123,0.5005700319318026,0.23174129832851856,-0.2450674896735198,0.2255937462121354,-0.5800946339172615,-0.27230677820509197,1.0718651557346572,1.260065358966371,-1.1267997689898204,-0.5894311818289361
1997-04-01,,-0.00010759650020578843,0.20913116596935868,0.30953652471068294,-1.2042471841328277,-0.580240669022021,-0.3297464892327289,1.123130459623659,1.3633758063855306,-1.1830942538141647,-0.6222700523554323
1997-05-01,,0.42269676643299164,0.1791025729850709,-0.42860679318085565,-0.31344300312267587,-0.8135317336941377,-0.4446259112880018,1.1188583509662424,1.2703964037082869,-1.1267997689898204,-0.6332163425309312
1997-06-01,6.606020401069657,0.3314963648491201,0.16224199455135968,0.4587376854151753,0.5140716068006242,-0.11453292600722391,-0.3871862002603653,1.1444910029107431,1.156754911547211,-1.0705052841654759,-0.6660552130574273
1997-07-01,,0.71230627933438,0.20695823245996955,-0.49004614765862486,0.5255340484661128,-0.3482593655200694,-0.4446259112880018,1.127402568281076,1.017285807531345,-1.0705052841654759,-0.7426792442859187
1997-08-01,,0.8530521060176068,-0.14385610850263086,-0.41797840937937686,-0.18391224587259433,0.11527510938176178,-0.5020656223156387,1.1359467855959098,1.0586099864990088,-1.084578905371562,-0.7098403737594224
1997-09-01,4.963354527751562,0.7717159132997586,0.4105055139887892,1.3643191649971715,0.10898072985184412,0.11296751236349435,-0.4446259112880018,1.1359467855959098,1.012120285160387,-1.1267997689898204,-0.7426792442859187
1997-10-01,,0.7435740535378424,0.25962579134465497,-0.20999109146083408,-0.20793291655346394,-0.1201647758721268,-0.5595053333432751,1.1188583509662424,0.9191408824831431,-1.05643166295939,-0.8193032755144102
1997-11-01,,0.6480379664296378,0.20729115405807147,-0.0777439935682556,-0.31156764245430163,-0.3520022753818364,-0.616945044370912,1.127402568281076,0.841658046918773,-1.05643166295939,-0.9287661772693978
1997-12-01,3.4009420197484985,0.298860412102833,0.23102741648796027,0.4713612256056032,0.09507547796903891,-0.5829810279168449,-0.5595053333432751,1.1188583509662424,0.8054993903220669,-1.0986525265776481,-1.0053902084978892
1998-01-01,,0.3109379774292653,0.15888682774071677,-0.33214905932136135,-0.024746963172127698,-0.3528574876905432,-0.616945044370912,1.1444910029107431,0.6660302863062011,-0.9016218296924431,-0.8959273067429016
1998-02-01,,0.0432112342702132,0.10948977540503793,0.49106995996561714,-0.3173293421891441,-0.8135317336941377,-0.616945044370912,1.123130459623659,0.6815268534190753,-0.8594009660741848,-0.9287661772693978
1998-03-01,3.9949959545403146,-0.07974909946912692,0.04231365602048814,-0.13122586600864874,0.10638578419018317,-0.8135317336941377,-0.5595053333432751,1.1145862423088257,0.7228510323867393,-0.8734745872802709,-1.0053902084978892
1998-04-01,,0.21881708035657146,0.18188203732739247,-0.21535162324406476,0.780544507079726,-0.3534258706178147,-0.7892641774538217,1.0974978076791584,0.717685510015781,-0.8453273448680988,-1.0272827888488867
1998-05-01,,0.5242347376084657,0.30785968611599757,-0.0266842460573133,-0.08442066228270671,0.10498044178684948,-0.7318244664261848,1.1145862423088257,0.7228510323867393,-0.9016218296924431,-1.0382290790243855
1998-06-01,3.685718592768694,-0.6983149833165242,0.12869948460929936,0.8506069395295761,0.37821968917046744,-0.35512263513856007,-0.6743847553985485,1.1444910029107431,0.6453681968223691,-0.9297690721046153,-1.1257994004283758
1998-07-01,,-0.48815169617775506,0.028374764996920716,0.4423883116238641,-0.6868509218842496,0.1015994119739664,-0.6743847553985485,1.1359467855959098,0.6247061073385372,-0.8453273448680988,-1.103906820077378
1998-08-01,,1.8765365247287535,0.2360810347297437,-0.6411361202606345,-0.7965037493584444,-0.35680693108471323,-0.6743847553985485,1.1402188942533265,0.562719838887041,-0.6905175116011517,-1.0272827888488867
1998-09-01,5.004326030774564,-0.16560666005548488,0.09279446379941074,-0.2491176658635572,0.47605002432085625,-0.585378924670902,-0.616945044370912,1.123130459623659,0.2889471532262671,-0.014983693709020147,-0.9506587576203954
1998-10-01,,0.5478658535949804,0.09979024548160817,1.0369672360031268,0.8474585922828396,0.09768620219537553,-0.6743847553985485,0.935157678697319,0.14431252683944346,0.505740290916165,-0.6222700523554323
1998-11-01,,-0.1875683235336307,0.17041458413299712,-0.40957400326382176,0.17661127151245368,-0.3587563667021463,-0.7318244664261848,0.8326270709193151,0.2992781979681833,0.3087095940309597,-0.7864644049879138
1998-12-01,6.385544996209802,0.3251548572021457,0.27387957761146603,0.9832446990401824,0.40261157482711746,-0.132406878190069,-0.7318244664261848,0.7685454410580626,0.20629879529093947,0.40722494247356267,-0.9506587576203954
1999-01-01,,0.3048633697974168,-0.006588164203943598,-0.3108291770003823,-0.07537258655865056,-0.1336486744222709,-0.7892641774538217,0.7471848977709784,0.24245745188764514,0.39315132126747626,-0.9834976281468917
1999-02-01,,0.47502404404850707,0.31906345667527236,-0.576200995546135,0.5734822477864648,-0.8135317336941377,-0.7318244664261848,0.8027223103173972,0.38709207827446923,0.1398261395579272,-0.9725513379713929
1999-03-01,3.740194050978829,0.10620801086512181,0.006429253375788398,0.3086655456403543,0.17224781219331708,-0.5871792200881479,-0.8467038884814582,0.8240828536044812,0.5058990928065034,0.01316354870315204,-0.9068735969184004
1999-04-01,,0.10911552738304765,0.25843050853338384,-1.2228396679147198,0.2271926193116277,1.6673200537838533,-0.7892641774538217,0.7941780930025637,0.48007148095171304,0.01316354870315204,-0.874034726391904
1999-05-01,,0.49829392750876184,0.11010213728007302,0.47457313175117005,0.2518563352405653,-0.588815996423381,-0.8467038884814582,0.7941780930025637,0.6660302863062011,-0.15571990576988046,-0.7864644049879138
1999-06-01,3.325112739828029,-0.19011813333270802,0.16423588838609024,-0.41231898959239494,0.018355573211424385,-0.8135317336941377,-0.7892641774538217,0.8027223103173972,0.8519890916606893,-0.24016163300639704,-0.7974106951634126
1999-07-01,,0.4465080423819693,0.23238838138686105,0.8768507232905697,0.30319406370193686,0.7556982843108321,-0.7892641774538217,0.9009808094379843,0.795168345580151,-0.18386714818205266,-0.8411958558654077
1999-08-01,,0.2753347961937581,0.03902018475022421,-0.1551209200178491,0.4402945352377315,0.08021526023282788,-0.8467038884814582,0.935157678697319,0.8726511811445212,-0.11349904215162249,-0.8193032755144102
1999-09-01,5.268681314312573,-0.506827851099784,0.08897433289366301,-0.0945806301738722,0.04285247951901701,0.7453897858699271,-0.8467038884814582,0.9992393085585711,0.862320136402605,-0.014983693709020147,-0.8302495656899089
1999-10-01,,1.0661555279058175,0.30093185050279203,-0.20604686307063955,-0.4028817347388263,-0.14741231624114812,-0.9041435995090951,0.9906950912437377,0.9604650614508071,-0.02905731491510593,-0.8302495656899089
1999-11-01,,0.3558028447548647,0.1786116361219098,0.320173629697826,0.6152996707010483,-0.14860004837322427,-0.9041435995090951,1.0846814817069077,0.9191408824831431,-0.24016163300639704,-0.9178198870938991
1999-12-01,6.509414268426639,0.6324233700335299,0.20740288836061307,0.46300914222901923,1.1206814184562017,0.07120356792996578,-0.9615833105367315,1.0334161778179058,1.048278941757093,-0.535707678334205,-0.9178198870938991
2000-01-01,,-0.2468735808665032,0.11647631054261481,-0.5432692887445572,-0.7581489420657098,0.28944379595053177,-0.9615833105367315,1.0974978076791584,1.244568791853497,-0.8734745872802709,-0.8630884362164053
2000-02-01,,0.18900142788214258,-0.004345011745209884,0.7712207738950854,0.8058153672115836,0.725173828672251,-0.9041435995090951,1.2171168500868297,1.1722514786600846,-0.73273837521941,-1.2024234316568672
2000-03-01,1.448547603220618,0.23086440395785418,0.3743516610385599,-1.0103512737433014,0.5343915002457135,1.3736637133987777,-0.9615833105367315,1.2683821539758313,1.0379478970151768,-0.25423525421248344,-1.399456654815845
2000-04-01,,0.46254264442245935,0.16738454996275293,0.18040999891192788,-1.500121542115762,-1.0316749131912117,-1.0764627325920049,1.3410080011519172,0.8984787929993111,0.1679733819700994,-1.5527047172728277
2000-05-01,,0.14875019276050408,0.10751404319699524,-0.40028422891107823,0.2856277665776489,-0.15948464165806336,-0.9615833105367315,1.4478107175873378,1.1309272996924211,0.23834148800052954,-1.5089195565708327
2000-06-01,7.219604137991809,-0.07597396205066854,-0.15695084094712203,-0.1238265175498733,0.2016080749299279,1.358377461640416,-0.9615833105367315,1.5588855426801758,0.9552995390798488,0.1257525183518408,-1.5198658467463313
2000-07-01,,-0.3035745946650173,0.051006402473616624,-0.8047859686057263,-0.8012348118835277,0.2676976544148284,-0.9615833105367315,1.5631576513375924,0.9294719272250589,0.01316354870315204,-1.4213492351668424
2000-08-01,,-0.37874579502764333,-0.10871768421451483,0.6695734639391587,0.11562734190280352,-0.8135317336941377,-0.9041435995090951,1.546069216707925,0.8158304350639831,0.19612062438227157,-1.5417584270973288
2000-09-01,0.40752268148693815,0.33330755023019804,-0.01138393445480172,-0.27828544431024604,0.5848948841471402,1.124816143191741,-1.019023021564368,1.5546134340227586,0.800333867951109,0.36500407885530406,-1.4104029449913438
2000-10-01,,-0.4920756712205668,-0.09969567975674777,0.35741472409769576,-0.2576199755404591,-0.16964825623548435,-1.019023021564368,1.5503413253653417,0.7693407337253612,0.43537218488573487,-1.2899937530608572
2000-11-01,,-0.08674135667345272,0.089705775724935,0.02298666957927994,-0.619829128211157,-0.1707580817968227,-1.019023021564368,1.5503413253653417,0.7590096889834449,0.37907770006139047,-1.2790474628853583
2000-12-01,2.381054313956099,-0.4313662831707193,0.04538937900563198,-0.15082668636010704,-0.22763491693298885,0.041780005281574245,-1.019023021564368,1.503348130133757,0.5110646151774613,0.6886973665952839,-1.2243160120078647
2001-01-01,,-0.5773082505344818,-0.12774434615764807,0.560904481004551,0.6531655005521106,1.3162042360342099,-0.8467038884814582,1.3239195665222503,0.4697404362097973,0.6746237453891981,-0.6660552130574273
2001-02-01,,-0.7486404671604019,-0.029741898806017394,0.2044301738104221,-0.239633256121523,0.034968643097719146,-0.8467038884814582,1.1145862423088257,0.43874730198404904,0.6746237453891981,-0.6222700523554323
2001-03-01,-1.3133489796572917,-0.313256728872897,-0.15173386673150102,-0.2714325847252258,-0.9251872075145657,-0.6017079536640064,-0.7892641774538217,1.0376882864753225,0.33027133219393107,0.9279489270987479,-0.5128071506004446
2001-04-01,,-0.46322682316653474,-0.4080493945977425,0.471617559501253,0.925511060450848,-0.17878135964812256,-0.7318244664261848,0.8198107449470645,0.459409391467881,0.8998016846865756,-0.1077944141069901
2001-05-01,,-0.5789085563885724,-0.16485839464856378,-0.3387244323010967,0.05455563415537716,1.0842624624888813,-0.7892641774538217,0.5677563341594718,0.588547450741831,0.5479611545344236,0.13302396975398267
2001-06-01,2.4902439659086895,-0.6281451114368943,-0.22305923471365854,0.2507207316693952,-0.5776302075952852,0.026842153704478143,-0.6743847553985485,0.46522572638146803,0.5317267046612932,0.5620347757405094,0.20964800098247413
2001-07-01,,-0.7379595585178594,-0.24323273341491372,0.26908873271835043,-0.6011317326205369,-1.4436345387154719,-0.616945044370912,0.3797835532331314,0.5110646151774613,0.6183292605648538,0.20964800098247413
2001-08-01,,-0.22545133778329385,-0.2664811786645436,-0.8061288091475833,0.3340254050535456,-0.8135317336941377,-0.4446259112880018,0.32851824934412943,0.3715955111615951,0.8294335786561449,0.2205942911579729
2001-09-01,-1.605775616727101,-0.607128680411919,-0.37440774955347794,-0.03428123171036543,-1.8492114804844215,0.6550554149455554,-0.3871862002603653,0.08073594721395347,0.2476229742586035,1.4205256693117603,0.6584458981779239
2001-10-01,,-0.3805511120763449,-0.428426838979014,-0.1745550127159279,4.599722991428204,-1.8619320720006878,-0.21486706717745557,-0.16704635491622233,0.16497461632327545,1.4768201541361046,0.9102105722143955
2001-11-01,,-0.7030555323347042,-0.426133226075359,0.5103652572422932,-2.328041432763542,-1.0235659576165663,-0.09998764512218225,-0.33793070121289553,0.20629879529093947,1.2234949724265556,0.9430494427408919
2001-12-01,1.0975945209430904,-0.1554253790074285,-0.27780537259267873,-0.26732379802210726,-1.2593981030955541,-1.023684320104852,0.014891776933091093,-0.45327763496314977,0.43358177961309113,0.9420225483048337,1.0634586346713781
2002-01-01,,0.530388327530591,-0.2404676341886936,1.0232695458759409,-0.04816323082358834,-0.18342892867280344,0.014891776933091093,-0.49172661287990127,0.40775416775830126,0.7590654726257147,1.0962975051978743
2002-02-01,,-0.10270803363733602,-0.23855610844273484,0.955206715640414,0.1851841030662084,-0.18449179587158113,0.014891776933091093,-0.48745450422248443,0.34060237693584733,0.9701697907170058,0.9758883132673879
2002-03-01,3.331522227558281,0.5866542624769462,-0.12997211240558923,-1.3702723151400307,-0.4080980100169029,0.23251594999284927,0.014891776933091093,-0.49172661287990127,0.5317267046612932,0.7590654726257147,0.7898013802839089
2002-04-01,,0.35923416589648355,-0.22242425774860466,-0.3882361927695032,0.506479859723704,0.8540652529727104,0.12977119898836442,-0.4831823955650676,0.49556804806458715,0.7449918514196283,0.8554791213369016
2002-05-01,,0.2755664875330236,-0.09848128236344716,1.3161388678540826,-0.7525543240097861,-0.39779506330484754,0.07233148796072751,-0.4831823955650676,0.4697404362097973,0.8998016846865756,0.9758883132673879
2002-06-01,2.443348677388002,0.6840480594079035,-0.072068774363624,-0.33821495430115567,0.08139702410166813,-0.6058370723984665,0.07233148796072751,-0.4831823955650676,0.3509334216777631,1.0264642755413502,1.0087271837938843
2002-07-01,,-0.14517405931664706,-0.20619817076285388,-0.46295948339573156,0.6655271882968324,0.016092089490196197,0.07233148796072751,-0.49172661287990127,0.20629879529093947,1.35015756328133,1.1948141167773636
2002-08-01,,-0.22182963847202455,-0.11779062227173376,-0.16431166472331696,0.18278450845890903,0.22090930330558928,0.014891776933091093,-0.48745450422248443,0.004843422823577274,1.4486729117239323,1.216706697128361
2002-09-01,1.6227496189515023,-0.03146847219456484,-0.19507387676650415,1.2777759448947663,-1.4251651009615602,-0.1942416582674483,0.014891776933091093,-0.4831823955650676,-0.19661194964378448,1.7442189570517401,0.9430494427408919
2002-10-01,,-0.3164062207570993,0.002183235609916658,-1.148024637064702,0.2699470954630019,0.01059181655716983,0.014891776933091093,-0.4831823955650676,-0.16045329304707856,2.1101331084099786,1.1181900855488718
2002-11-01,,0.4287398805641317,-0.11575725162464295,0.7949759488550598,-0.17426084004234302,-0.196632081487425,0.12977119898836442,-0.6583388505191574,-0.10363254696654066,1.8005134418760844,1.2276529873038595
2002-12-01,0.494114897589526,-0.6555738120370117,-0.26828987272937205,0.2588724817151431,0.45820741230768447,-0.1976509087915944,0.18721091001600085,-0.7010599370933258,-0.11396359170845644,1.5894091237847934,1.3042770185323513
2003-01-01,,0.710311468320992,-0.004899817274057077,0.4623403283839813,0.29282270322318604,0.8238616969827138,0.07233148796072751,-0.7010599370933258,-0.10363254696654066,1.4205256693117603,1.4246862104628377
2003-02-01,,0.0014374386134428318,-0.2490036006877319,-1.6381543664522316,-1.1480949344151268,1.2231513993644927,0.12977119898836442,-0.6925157197784921,-0.18111538253091058,1.2234949724265556,1.3809010497608425
2003-03-01,2.1010403063399963,-0.36955100122284457,-0.32454375878569197,0.7448607138400634,0.4975898260020137,-0.20468954993555372,0.12977119898836442,-0.6967878284359089,-0.2276050838695325,1.1953477300143833,1.3371158890588475
2003-04-01,,-0.6942412340042146,-0.1779504674227988,-0.6225912211318386,-0.03537395896557378,-2.2357128542955884,0.18721091001600085,-0.6925157197784921,-0.15012224830516258,0.8435071998622313,1.4575250809893336
2003-05-01,,-0.14039597724256606,-0.09026919739943118,0.8191921334061906,-0.22310451002242598,-1.4247021868821834,0.24465062104363725,-0.6925157197784921,-0.3515776207725245,0.7309182302135425,1.2495455676548572
2003-06-01,3.52689218114719,0.010149651041261193,-0.1259566292102159,0.825352604162882,0.698055964804281,-0.40597349125209764,0.35953004309891057,-0.7096041544081594,-0.4755501576755164,0.8012863362439727,1.205760406952862
2003-07-01,,0.3839188647123631,-0.11678027703310971,0.2100039901243568,0.3187781185330698,0.40647727609483764,0.30209033207127417,-0.7993184362139127,-0.13979120356324656,0.4916666697100792,1.6326657237973141
2003-08-01,,-0.32605359902484,-0.1463543342301204,-0.4315844045498747,0.4460341514025754,0.8069629606412769,0.24465062104363725,-0.7907742188990791,0.10298834787177943,0.37907770006139047,1.7202360452013044
2003-09-01,6.598081034377401,0.5103485452707532,-0.013808492386548804,0.7241573234730045,-0.3186273884860001,0.3972347672962239,0.24465062104363725,-0.7993184362139127,0.010008945194535162,0.3227832152370461,1.7092897550258055
2003-10-01,,0.005656484426001936,0.07570012359091914,0.18953283015680328,-0.4914057918247197,-1.216683940220234,0.18721091001600085,-0.7993184362139127,0.020339989936451395,0.21019424558835736,1.6764508844993093
2003-11-01,,0.5351990461762577,-0.07302299363486946,0.7379593076910599,0.02547468422143538,-0.6119011504006887,0.07233148796072751,-0.8035905448713296,0.025505512307409283,0.0976052759396686,1.4903639515158302
2003-12-01,4.616146818960942,-0.08515405497856283,-0.003895933095465211,-0.15382318462301833,0.09008591484552693,0.19298913298465104,0.014891776933091093,-0.8121347621861633,0.010008945194535162,0.055384412321410635,1.4794176613403314
2004-01-01,,0.03380261667703053,0.05490648940849921,-0.9332870545128166,-0.019049301780407722,0.791272269426353,0.014891776933091093,-0.8035905448713296,-0.05197732325696041,-0.0009100725029337414,1.512256531866828
2004-02-01,,0.470286531207493,-0.04876908946753956,-0.4352328029965249,0.2015973128866991,-0.013712114028904227,-0.04254793409454583,-0.7993184362139127,-0.08813597985366654,-0.1416462845637947,1.4575250809893336
2004-03-01,2.260208095560756,-0.5032819974700162,0.208554243994851,1.016572617999678,0.9634813253710841,-0.015423874822224905,0.07233148796072751,-0.8035905448713296,-0.21727403912761648,-0.014983693709020147,1.359008469409845
2004-04-01,,0.24621980973304722,0.16030085904975416,0.038420540563111956,-0.6859622998455297,-0.21606978258455087,-0.04254793409454583,-0.8035905448713296,0.05133312416219918,-0.25423525421248344,1.3918473399363411
2004-05-01,,0.5852378724712917,0.17283615946297098,-0.13446771511790548,0.5821354779409916,0.7750361838309464,-0.04254793409454583,-0.8035905448713296,0.24245745188764514,-0.3668242238611722,1.2823844381813538
2004-06-01,3.087859967576634,-0.8747260565832388,-0.01700576988487975,-1.019546297634932,-0.69953510274938,0.5709356655577946,-0.04254793409454583,-0.7907742188990791,0.2476229742586035,-0.338676981449,1.0525123444958795
2004-07-01,,0.609145080362432,-0.05432220640471412,1.167185493109104,0.26045191095054177,-0.4189118506092755,-0.09998764512218225,-0.6925157197784921,0.12881595972656934,-0.24016163300639704,0.9321031525653931
2004-08-01,,-0.048727228238515635,-0.029194771242506218,0.14602768078996095,-0.30280446150924617,-0.6163782769655524,-0.15742735614981865,-0.6198898726024061,0.015174467565493508,-0.15571990576988046,0.833586540985904
2004-09-01,3.7764919540684616,0.009476486095439865,0.036088549518300816,-0.7669788103481251,1.0495425031816263,0.3672051515514991,-0.15742735614981865,-0.5429919167689031,-0.062308367998876645,-0.21201439059422483,0.647499608002425
2004-10-01,,0.711273764716624,0.22650610907120367,1.0792087780754869,-0.047553954298418126,1.1460931367611429,-0.09998764512218225,-0.47891028690765075,-0.07780493511175077,-0.25423525421248344,0.548982996422936
2004-11-01,,0.12702384789460588,-0.04058564187502396,-1.9182032105517337,0.19690831378459922,0.9413691741355972,-0.15742735614981865,-0.40628443973156475,-0.0313152337731284,-0.3949714662733444,0.362896063439457
2004-12-01,4.060156528453263,0.656969536126874,0.012429126144231376,1.7450578644877779,0.5625871318478003,-0.8135317336941377,-0.15742735614981865,-0.30802594061097766,-0.010653144289296389,-0.5216340571281189,0.2315405813334717
2005-01-01,,0.23481446519168125,0.03630289968979522,0.6287385719940555,-0.9246638691194238,-1.008113399844603,-0.21486706717745557,-0.25676063672197585,-0.015818666660254735,-0.6905175116011517,-0.009277802527501215
2005-02-01,,0.5886467842669686,0.1379479432131795,0.3762082627005156,0.5355197284756077,0.7402861589606357,-0.15742735614981865,-0.1627742462588056,-0.041646278515044634,-0.9016218296924431,-0.25009618638847414
2005-03-01,4.413020211694629,-0.24524120456472587,0.004943509415950041,-2.149655238393507,-0.009954944235573356,0.5407682154881225,-0.27230677820509197,-0.10723683371238689,0.12881595972656934,-1.0282844205472177,-0.2610424765639729
2005-04-01,,0.09495446692502843,0.24963161961313673,1.2889963174598373,0.27659352314773855,0.34339501031421066,-0.27230677820509197,-0.038883095193717604,0.04616760179124129,-0.8171801024559265,-0.34861279796796313
2005-05-01,,-0.02650771999679651,0.0531706325441583,-0.21842874259753944,-0.6111309656041243,-1.00610377758945,-0.3297464892327289,0.05083118661203574,-0.057142845627918756,-0.592002163158549,-0.5565923113024397
2005-06-01,1.965660123449453,0.3219863414330078,0.14217953453635626,0.2747420507737323,1.7859755761723444,-0.6209596897988254,-0.3871862002603653,0.06791962124170306,-0.12946015882133055,-0.6060757843646352,-0.7098403737594224
2005-07-01,,-0.42195367993945226,0.23363760370614148,-0.08019697788311131,0.22477697113263864,1.4896094299035214,-0.3871862002603653,0.16190601170487315,-0.036480756144086746,-0.73273837521941,-0.7645718246369162
2005-08-01,,0.20214958585068335,0.08476871294401674,0.25881339208811666,-1.0587356886789565,1.475472412999245,-0.4446259112880018,0.26443661948287706,0.004843422823577274,-0.8312537236620127,-0.8630884362164053
2005-09-01,3.1230326804525532,-2.014190492350985,-0.06540364213322357,0.3432536609699727,-0.02935832182058855,4.285927509559289,-0.3871862002603653,0.315701923371879,-0.02614971140217051,-0.6482966479828934,-0.8302495656899089
2005-10-01,,1.0579425095373036,-0.026965876293370074,-0.5143402571857435,-0.2674041016891661,-0.2512057843930803,-0.3871862002603653,0.38405566189054813,0.10815387024273732,-0.6342230267768073,-0.8959273067429016
2005-11-01,,0.9718038602277961,0.23578013311829044,0.5036106569719603,0.29503808745402066,-2.691258534395173,-0.3871862002603653,0.47804205235371844,0.14947804921040134,-0.6201494055707213,-0.9725513379713929
2005-12-01,2.215916948830454,0.38649852014755137,0.0444599143627219,-0.9372047341183014,-0.1954573890744912,-0.8135317336941377,-0.4446259112880018,0.5463957908723877,0.11331939261369521,-0.6201494055707213,-1.0382290790243855
2006-01-01,,0.039239528811599554,0.14820991257212537,1.6782251839602202,1.531009934486003,1.4386085068087815,-0.5595053333432751,0.6019332034188064,0.08749178075890532,-0.6623702691889796,-1.0820142397263806
2006-02-01,,-0.07295862303353447,0.1848584744084277,-0.8890467900419953,-0.64527191880142,-0.626465888428934,-0.5020656223156387,0.687375376567143,0.16497461632327545,-0.8312537236620127,-1.213369721832366
2006-03-01,5.345655379085201,0.10485417037965356,0.18320802673232345,-0.9306897632110083,-0.023996170905746617,-0.25289656713860886,-0.5595053333432751,0.7300964631413112,0.24245745188764514,-0.8453273448680988,-1.114853110252877
2006-04-01,,0.18061427206665567,0.05298829059120335,-0.9909611304737245,0.0912963728584269,1.0491881967535173,-0.5595053333432751,0.8155386362896477,0.3819265559035113,-0.8453273448680988,-0.9944439183223905
2006-05-01,,-0.08921726498269321,-0.07673878766368596,0.8277366147674727,-0.45749239729208513,0.29965045026898224,-0.616945044370912,0.8796202661509003,0.44391282435500734,-0.9156954508985292,-0.9506587576203954
2006-06-01,1.0336742995598058,0.19317653807486715,-0.029032413048558223,-0.9485959737884766,0.17598625159549913,0.11158844980289373,-0.616945044370912,0.9009808094379843,0.44391282435500734,-0.8734745872802709,-1.1257994004283758
2006-07-01,,-0.1637046620385836,0.07206764467818458,-0.46245013518119116,-0.03112277131327261,1.213690111514458,-0.5595053333432751,1.0077835258734051,0.43358177961309113,-0.8734745872802709,-1.1367456906038744
2006-08-01,,0.31145808519570467,0.04364569202196907,-0.649416698362092,-0.06820845809254299,0.8369463932063562,-0.5595053333432751,1.0120556345308218,0.3251058098229732,-0.8171801024559265,-1.1367456906038744
2006-09-01,0.5993744160321057,-0.2754284006343363,0.015325080154757934,0.5368987287971334,-0.694948148662488,-2.6478480475644686,-0.6743847553985485,1.0120556345308218,0.24245745188764514,-0.8171801024559265,-1.1586382709548722
2006-10-01,,-0.2253577397026462,-0.09824915313716412,-1.8173482966678673,-0.27700050277717564,-2.4721664385796216,-0.7318244664261848,1.0120556345308218,0.2476229742586035,-0.8453273448680988,-1.1805308513058697
2006-11-01,,-0.15473795246676036,0.09559234076348792,0.6655670814544575,-0.03606845923923804,-0.6288742628665576,-0.6743847553985485,1.0120556345308218,0.18047118343614912,-0.9719899357228733,-1.2681011727098597
2006-12-01,3.423110226166415,0.871196618992872,0.06818140871892575,0.6332051420571562,0.39179787398738386,1.2116884015021938,-0.7318244664261848,1.0077835258734051,0.15980909395231713,-0.8875482084863571,-1.2243160120078647
2007-01-01,,-0.4430703320055153,0.10076441249989489,-2.001315386400476,-0.22847938334960105,-0.1952724454853025,-0.616945044370912,1.0120556345308218,0.26311954137147714,-1.0001371781350454,-1.2352623021833635
2007-02-01,,0.7970572754327253,-0.029794662997848474,0.6340786762150312,-0.009480887013975628,0.6299688923330765,-0.6743847553985485,1.0163277431882385,0.24245745188764514,-1.0282844205472177,-1.246208592358862
2007-03-01,1.2015362468524415,0.05886184472347696,0.10124101026756985,0.1352416653032352,0.20893924914933157,1.1206508306803291,-0.7318244664261848,1.0163277431882385,0.15980909395231713,-0.8171801024559265,-1.114853110252877
2007-04-01,,0.5369210029397422,-0.05405929599378186,-0.036249313000789096,-0.3859340228592935,0.30378706994363663,-0.6743847553985485,1.0120556345308218,0.2269608847747715,-0.8312537236620127,-1.071067949550882
2007-05-01,,-0.021048762001330417,0.024817886351918342,-0.6527661657517688,0.6078595094978124,0.7245505916327482,-0.7318244664261848,1.0120556345308218,0.2579540190005193,-0.9156954508985292,-1.1257994004283758
2007-06-01,2.439593165872367,-0.057869268275388235,-0.03972857502658497,0.300802392284053,-0.833027883074368,0.049422239577041414,-0.616945044370912,1.0120556345308218,0.43874730198404904,-0.9719899357228733,-0.9725513379713929
2007-07-01,,-0.23048448451372897,-0.13974038304897496,-0.850289630245622,0.03552468415861076,-0.15010995703190955,-0.5595053333432751,1.0163277431882385,0.38709207827446923,-0.9016218296924431,-0.8959273067429016
2007-08-01,,0.07298728538805095,-0.14455411834531126,-0.22178129140221778,0.14975514681363222,-0.69858671724337,-0.616945044370912,0.9137971354102346,0.21662984003285526,-0.43719232989160234,-0.7098403737594224
2007-09-01,2.2974924437228594,0.10174709702727733,-0.03204997316406628,-1.4886189200576032,0.0036640507673525204,0.7633799182275468,-0.5595053333432751,0.8796202661509003,0.1391470044684851,-0.3105297390368278,-0.5456460211269409
2007-10-01,,-0.388209236586807,-0.04170805483919048,0.8519285684257212,0.12493917124530124,0.33448732928193986,-0.5595053333432751,0.8027223103173972,0.14431252683944346,-0.4794131935098606,-0.490914570249447
2007-11-01,,0.4029157420113457,-0.004306985460835036,-0.6887166836511667,0.4201451279174074,2.105713983314433,-0.5595053333432751,0.687375376567143,-0.05197732325696041,-0.05720455732727812,-0.21725731586197777
2007-12-01,2.5050862048779265,-0.08002401512638506,-0.013990114596078759,-1.825125425883414,-1.1153383811562319,0.2656206046324756,-0.3871862002603653,0.5805726601317224,-0.07780493511175077,0.36500407885530406,-0.031170382878498774
2008-01-01,,-0.24254029188323342,-0.11857769005952948,0.5723474520582196,0.0014583388385003059,0.46996052491972223,-0.3871862002603653,0.45240940040921745,-0.2637637404662384,0.7168446090074562,0.2862720322109656
2008-02-01,,-0.49560025117811,-0.1742244141265413,0.22832226045945625,-0.717400141471444,0.087025743413205,-0.4446259112880018,0.04228696929720208,-0.2637637404662384,1.1109060027778668,0.8226402508104053
2008-03-01,-1.7107102360128579,-0.4102027923716418,-0.1819317495370934,-1.1812424767638416,-0.10951401390087416,0.5183897983156389,-0.3297464892327289,-0.11578105102722056,-0.38257075499827253,1.5331146389604489,0.9649420230918891
2008-04-01,,-0.7426367496749349,-0.32517205135649146,0.10772699778227682,-0.31305393809420834,0.048540214031469554,-0.3871862002603653,-0.25676063672197585,-0.2947568746919864,1.4064520481056744,0.6803384785289212
2008-05-01,,-0.7040992343481374,-0.2966144307619032,-0.507763578018898,0.3455281790854187,1.3866906361562341,-0.15742735614981865,-0.3849238964444806,-0.1914464272728266,1.0686851391596082,0.4614126750189458
2008-06-01,2.3746503725263324,-0.3407526642141201,-0.26022656256992627,0.9300117009696557,-0.10096039853611637,3.0736372285025775,-0.04254793409454583,-0.3763796791296469,-0.07780493511175077,0.95609616951092,0.35194977326395827
2008-07-01,,-0.4616555432706391,-0.31057917265278007,-1.5904096872323952,-0.5005036495780535,1.8401611631359365,0.07233148796072751,-0.3721075704722302,-0.12429463645037267,1.209421351220469,0.4614126750189458
2008-08-01,,-1.650970670634101,-0.39114214222254734,-1.135677447242751,-0.7924598461160479,-1.3690213021105508,0.24465062104363725,-0.3763796791296469,-0.18628090490186847,1.3642311844874158,0.5051978357209409
2008-09-01,-2.1065695211134994,-4.489501761565353,-0.5517770989351372,-0.3617384820610165,-1.3192635507989854,-0.49479083057554923,0.24465062104363725,-0.4575497436205666,-0.2895913523210285,1.8708815479065153,0.6584458981779239
2008-10-01,,0.846969114425318,-0.5707511102954878,-0.681071841057655,-2.6996177667953822,-4.033889140776634,0.4744094651541839,-0.8164068708435801,-0.2276050838695325,3.9115566227889973,1.3042770185323513
2008-11-01,,-1.4046648196771665,-0.8472395534404666,-2.2324554585975576,-3.00578103678228,-7.475333864642261,0.6467285982370937,-1.064189172973756,-0.37223971025635655,4.770047516360248,1.4246862104628377
2008-12-01,-8.853365095794175,-2.8923071688255573,-0.7961658943572658,-1.9351782191600375,-1.887794595751159,-3.896651912134074,0.9339271533752768,-1.162447672094343,-0.9456126934326943,5.2344770161610885,0.647499608002425
2009-01-01,,-2.5673961946293633,-0.8729249657330381,-1.6980460398068367,0.8133319002295778,0.12904055602493777,1.22112570851346,-1.16671978075176,-0.8939574697231142,4.6856057891237315,0.7679087999329114
2009-02-01,,-0.7068159881144124,-0.8703102693268515,2.2029685967076085,-0.44324739680894554,0.5424056992259534,1.5083242636516434,-1.136815020149842,-0.7131641867395843,4.108587319674202,0.9649420230918891
2009-03-01,-4.565452543960902,-1.646626872332798,-0.9377394333837463,-1.8050268117109145,-1.3855581900257752,-1.1818869305795328,1.7380831077621892,-1.1539034547795093,-0.7389917985943744,4.657458546711559,0.9649420230918891
2009-04-01,,-0.9225422501903204,-0.7897222983210314,-0.6949056289260289,0.09814365245219582,-0.4381637773842482,1.9104022408450994,-1.16671978075176,-0.6821710525138363,4.460427849826354,1.0853512150223756
2009-05-01,,-1.0998869980643706,-0.47371596419087775,1.563344760112739,0.34781877978890036,-0.26519180892061467,2.140161084955646,-1.1539034547795093,-0.49621224715934836,3.489347986606414,1.4794176613403314
2009-06-01,-0.715242887051204,-0.48066754731805583,-0.5780007865691585,1.0282804384109678,0.8803944190646515,2.2687511748003493,2.1976007959832824,-1.141087128807259,-0.2740947852081544,2.0960594872038922,1.6764508844993093
2009-07-01,,0.9766067130170234,-0.4657897089909826,0.20140845558846185,0.07986618279796467,-0.924664303742455,2.1976007959832824,-1.162447672094343,-0.35674314314348243,1.7442189570517401,1.6764508844993093
2009-08-01,,0.9455551167915657,-0.30790899937885036,-0.16657538937538965,0.998702603137844,0.4330733481327379,2.2550405070109187,-1.162447672094343,-0.34124657603060854,0.9842434119230922,1.5998268532708182
2009-09-01,1.402308618855841,0.7385135280082831,-0.344875892738971,-0.015286929759757923,-1.971555637056132,-0.09416774586173596,2.3699199290661928,-1.16671978075176,-0.4393915010788105,0.8716544422744035,1.5779342729198205
2009-10-01,,0.14756513257769494,-0.30342317683218667,-1.157879640247308,0.5282950386891128,0.3042590010166477,2.4847993511214654,-1.1795361067240102,-0.4445570234497684,0.857580821068317,1.5669879827443216
2009-11-01,,0.3065612632803997,-0.11882354218412405,1.2362059293499281,0.2928161136890337,0.43312434587311516,2.427359640093829,-1.1795361067240102,-0.4393915010788105,0.8857280634804893,1.742128625552302
2009-12-01,4.300454151697863,0.2794742922221533,-0.36912900831117235,-0.1463636768040938,0.05539162599656232,-0.6196001939691853,2.427359640093829,-1.1795361067240102,-0.34124657603060854,0.6886973665952839,1.8734841076582873
2010-01-01,,0.9390819276624738,-0.12087681473787837,0.7117209573930594,-0.15219750199729942,-0.5716877089127373,2.3699199290661928,-1.1838082153814273,-0.2689292628371965,0.3227832152370461,1.9610544290622771
2010-02-01,,0.249954073750432,-0.21295317925123386,-0.20309932402803715,-0.23019669473884555,-1.1686332568440176,2.3699199290661928,-1.1752639980665935,-0.2895913523210285,0.505740290916165,1.9938932995887737
2010-03-01,1.933324088271604,0.5498436757495424,0.04890571813064158,0.6655132354364346,1.2318151862662945,-0.6899798045529706,2.427359640093829,-1.162447672094343,-0.2689292628371965,0.3509304576492183,1.928215558535781
2010-04-01,,0.21504570525000388,0.1446345066295563,0.9911721315549185,0.29386292065741026,-0.7277558602476389,2.427359640093829,-1.1453592374646757,-0.2069429943857005,0.153899760764013,1.9501081388867785
2010-05-01,,1.1894800299707213,0.4167205111454314,-2.0888632295280813,-0.8215042054607791,-1.007413306354152,2.2550405070109187,-1.1453592374646757,-0.4290604563368945,0.4775930485039928,1.731182335376803
2010-06-01,3.8517399290434184,0.06555301173521902,-0.24893265255349933,-1.066442381858852,-0.34127894624106775,-0.969739758179877,2.140161084955646,-1.1539034547795093,-0.5427019484979703,1.040537896747436,1.6107731434463166
2010-07-01,,0.25421836618052424,-0.21140233196955915,0.2424786328856835,-0.035992980714636386,-0.11710833180432749,2.140161084955646,-1.1539034547795093,-0.6408468735461724,0.998317033129178,1.512256531866828
2010-08-01,,0.24140555822176907,-0.11474096322041274,1.1891214814672075,0.015790242373311027,-0.26896407754590995,2.1976007959832824,-1.1496313461220926,-0.8009780670458702,0.9420225483048337,1.2823844381813538
2010-09-01,3.072509082001318,0.1720031366823708,-0.1900838800129536,-0.100486493036912,0.37188626024792826,-0.21166572718363796,2.1976007959832824,-1.1496313461220926,-0.8268056789006603,1.0123906543352639,1.2714381480058548
2010-10-01,,-0.3895331602414664,0.16909914847789667,-1.1394209779339717,0.5396689480603729,0.48264836242812637,2.140161084955646,-1.1496313461220926,-0.8836264249811983,1.2516422148387276,1.260491857830356
2010-11-01,,-0.02947376606516146,0.016292034736913732,0.053446492595260714,0.3534661057168831,0.13018262058022614,2.3699199290661928,-1.1496313461220926,-0.7699849328201224,1.2234949724265556,1.4246862104628377
2010-12-01,2.094945457780284,0.8319629180005993,-0.03253048664551359,-0.13479877912028207,0.2964493052892057,0.6813127931287143,2.0827213739280097,-1.1539034547795093,-0.49621224715934836,0.7309182302135425,1.8187526567807932
2011-01-01,,-0.31869076624484616,-0.10763874367686553,1.997948388450528,0.20228106281390765,0.39389298789852834,1.9678419518727357,-1.1581755634369262,-0.4445570234497684,0.5761083969465958,1.9391618487112796
2011-02-01,,-0.5003672622559912,0.10827823100467229,-2.516879958911161,0.22232913018322373,0.3832739770770051,1.9104022408450994,-1.162447672094343,-0.34641209840156645,0.39315132126747626,1.9610544290622771
2011-03-01,-0.9499466944198787,0.8913268160102277,0.11397108362323932,1.9070921431987191,0.35690239177955957,1.1107923896841494,1.9104022408450994,-1.1709918894091766,-0.43422597870785234,0.46351942729790707,1.8734841076582873
2011-04-01,,-0.4281733965301731,0.20237442485556778,-1.0117042707903887,0.15052153432787185,0.932876022163951,1.9678419518727357,-1.188080324038844,-0.40839836685306247,0.37907770006139047,1.8734841076582873
2011-05-01,,0.003179225528129309,-0.007860079048566152,0.16679863257338806,-0.372104502146488,0.3710962414515236,1.9104022408450994,-1.192352432696261,-0.5581985156108444,0.44944580609182067,1.7530749157278005
2011-06-01,2.697214987466623,0.17947165167585344,0.1148625581564428,1.033530386487878,0.2730900900664126,-0.8135317336941377,1.9678419518727357,-1.192352432696261,-0.6460123959171303,0.646476502977026,1.731182335376803
2011-07-01,,0.363513227293878,-0.053379230900735486,0.31762538087630954,-0.26147030279179684,0.1622435526722435,1.9104022408450994,-1.2008966500110945,-0.6460123959171303,0.6605501241831118,1.742128625552302
2011-08-01,,0.5396527587621455,0.0189494698891879,-0.796861347201485,-0.18263338710488874,0.36096542477736654,1.9104022408450994,-1.188080324038844,-1.0075989618841903,1.0827587603656945,1.161975246250867
2011-09-01,-0.0892609023139812,-0.19427004597058323,0.105102951697914,1.351468550554123,0.4790011577055687,-0.0046053189674205765,1.9104022408450994,-1.1966245413536776,-1.172895677754846,1.4064520481056744,0.8226402508104053
2011-10-01,,0.5579130315623578,0.0947254251180399,-0.8042490326951898,0.14524893743315,-0.5618211780367129,1.7955228187898264,-1.2008966500110945,-1.0850817974485603,1.3079366996630721,0.9430494427408919
2011-11-01,,-0.12231098865615285,0.022385628795826812,1.9623234411435,-0.017822031668912212,-0.12507522226862847,1.6806433967345527,-1.1966245413536776,-1.1573991106419723,1.181274108808297,0.8226402508104053
2011-12-01,4.467158724585829,0.40015232274076645,0.08319202573925384,-0.3024096272391071,-0.06844835662283254,-0.7248970268791675,1.6232036857069163,-1.2008966500110945,-1.172895677754846,1.378304805693502,0.7788550901084101
2012-01-01,,0.4637058301296364,0.24239035379679574,0.5290896995416379,0.23324106661428184,0.20098265233114418,1.5083242636516434,-1.1966245413536776,-1.1780612001258042,1.3642311844874158,0.7898013802839089
2012-02-01,,0.19794523315078452,0.1470100243588235,-0.3334342452907477,0.6063483183271133,-0.017295052526539637,1.5083242636516434,-1.188080324038844,-1.1780612001258042,1.2375685936326413,0.7460162195819138
2012-03-01,3.340376727516059,-0.6181337170863754,0.12267719732769139,-0.15772882712149425,0.02009021035023541,-0.033659679338815626,1.450884552624006,-1.1752639980665935,-1.0747507527066442,1.0827587603656945,0.8992642820388967
2012-04-01,,0.5823246446495028,-0.03834094582646426,1.029693226699618,-0.5844396120225147,-0.19471131547892168,1.450884552624006,-1.1709918894091766,-1.1367370211581402,1.1953477300143833,0.8226402508104053
2012-05-01,,0.11014146829903117,-0.00864765898196505,-0.7800937151548405,-0.34362006345098683,-1.5855873391647226,1.450884552624006,-1.162447672094343,-1.2658750804320902,1.378304805693502,0.5599292865984348
2012-06-01,1.7813665065290252,-0.10852948132217714,-0.034483693184849944,0.8607550869790187,-0.890771244123536,-1.1218229772091421,1.450884552624006,-1.162447672094343,-1.3588544831093339,1.5612618813726211,0.35194977326395827
2012-07-01,,0.08976648084432111,0.02781892627916079,-0.28342257025678586,0.05826531107321083,-0.7058455110787992,1.450884552624006,-1.162447672094343,-1.405344184447956,1.4768201541361046,0.29721832238646434
2012-08-01,,-0.530432047962559,0.0652201382625141,0.24576398834560723,0.6309065198133024,1.3466639753417236,1.3934448415963696,-1.1752639980665935,-1.3278613488835862,1.3220103208691578,0.4395200946679482
2012-09-01,0.5756975059448166,-0.18519176358515144,0.06102927487428744,1.491220079080965,0.2620483216302577,0.9615173745769798,1.22112570851346,-1.1709918894091766,-1.3071992593997541,1.167200487602211,0.5051978357209409
2012-10-01,,0.2229530074642508,0.035170959135018255,0.9922909001668649,-0.19712896353714982,0.19079183326861335,1.22112570851346,-1.162447672094343,-1.2917026922868802,0.7590654726257147,0.5051978357209409
2012-11-01,,0.24169725124989325,0.038940170099838106,-1.1920192104185976,0.018418004944950408,-1.4403121908444902,1.1636859974858234,-1.162447672094343,-1.3433579159964602,0.8012863362439727,0.41762751431695067
2012-12-01,0.46229496630019185,0.1159887261201086,0.13018972515264862,2.0289002326546863,0.008796932200611842,-0.8586877055185357,1.2785654195410967,-1.162447672094343,-1.3071992593997541,0.8716544422744035,0.49425154554544215
2013-01-01,,-0.09009164835531,0.06498065210798869,-1.1996837249503047,0.24478627279400214,-0.07559493787205139,1.3360051305687333,-1.1709918894091766,-1.209054334351552,0.7449918514196283,0.7022310588799187
2013-02-01,,0.33932222529202577,0.16858706852967242,1.0282804384109678,0.6203953360472152,1.2058957757177025,1.1636859974858234,-1.16671978075176,-1.172895677754846,0.8153599574500591,0.7788550901084101
2013-03-01,3.926903706206275,0.27662127097147604,0.02522916357572659,0.6280701287332957,-0.7508124293459358,-1.863617739371388,1.04880657543055,-1.1709918894091766,-1.183226722496762,0.8435071998622313,0.7569625097574126
2013-04-01,,-0.19775924530330447,0.06514360132148372,-2.4223780592092194,-0.5094278525537488,-1.5929861235013836,1.1062462864581866,-1.16671978075176,-1.2865371699159223,0.7590654726257147,0.5708755767739336
2013-05-01,,-0.0380711222903365,0.10294506933372838,1.3820074372942153,0.1735977867206789,-0.6591186000736524,1.04880657543055,-1.1838082153814273,-1.1987232896096363,0.7168446090074562,0.735069929406415
2013-06-01,1.0691153060548686,0.08743525670806138,0.0636319560358,-1.3079717914189921,0.0007224200501519651,0.0731051281339473,1.04880657543055,-1.192352432696261,-1.0075989618841903,0.8435071998622313,1.0525123444958795
2013-07-01,,-0.41566780142373094,-0.005690956374896232,0.6155607191755083,0.12211797779209903,-0.08428043640662841,0.9339271533752768,-1.192352432696261,-0.8629643354973662,0.6324028817709402,1.3480621792343463
2013-08-01,,0.44611561802424576,0.13320886483127703,0.5322593507453189,-0.3454671954231437,0.07566560850883144,0.8764874423476403,-1.1966245413536776,-0.7803159775620382,0.5479611545344236,1.5013102416913289
2013-09-01,3.3911586209988798,0.3787279903052037,0.055153094798899904,-0.9619983625816835,-0.20597888655878252,-0.6729896060559376,0.8764874423476403,-1.1966245413536776,-0.7441573209653323,0.5198139121222515,1.5341491122178255
2013-10-01,,-0.19054196703849327,0.09853210013943357,1.0859114553463378,-0.09599805643738578,-0.6139890392411814,0.8764874423476403,-1.192352432696261,-0.8423022460135342,0.5620347757405094,1.3918473399363411
2013-11-01,,0.11274576221341157,0.15233611008927211,2.2183719708695104,-0.15559675130014633,-0.1263261438974943,0.7041683092647306,-1.1966245413536776,-0.7906470223039542,0.5198139121222515,1.5341491122178255
2013-12-01,3.47185609530527,0.08120397903762576,-0.061583232209844206,-1.1846377569154516,0.2148950331494747,0.17121925253856288,0.5892888872094573,-1.192352432696261,-0.6976676196267103,0.2664887304127017,1.6983434648503068
2014-01-01,,-0.4600750636411124,0.06776623994668,-1.5352909846365508,-0.7001816982536013,0.08938744876612077,0.5318491761818204,-1.2008966500110945,-0.7183297091105424,0.055384412321410635,1.588880563095319
2014-02-01,,0.6173650789265066,0.03089156301535831,0.7871667914674331,0.5525241600499451,-0.40325981162565805,0.5892888872094573,-1.2008966500110945,-0.7958125446749122,0.1398261395579272,1.5013102416913289
2014-03-01,-1.3827712598640574,0.8223250027131732,0.148150060054835,0.3533459742329354,0.427384452716365,-0.052793610496932354,0.5892888872094573,-1.1966245413536776,-0.7906470223039542,0.06945803352749641,1.4356325006383361
2014-04-01,,-0.019953004279082618,0.1860296272740647,0.932766710504185,0.4526555465791988,-0.1189947238357657,0.30209033207127417,-1.192352432696261,-0.7958125446749122,-0.1416462845637947,1.40279363011184
2014-05-01,,0.25756704316763124,0.09146452084081412,-0.4418711548425927,-0.16928102904435907,-0.10454523992597985,0.35953004309891057,-1.192352432696261,-0.8732953802392822,-0.12757266335770828,1.2714381480058548
2014-06-01,5.1342760916597285,0.21890747299257593,0.20687495647738396,-1.2724092868470414,-0.09192892942736847,-0.3211858754046548,0.24465062104363725,-1.188080324038844,-0.8526332907554502,-0.12757266335770828,1.2495455676548572
2014-07-01,,0.10161681600343295,0.09828306888066687,2.2377834134342303,-0.1577720322207531,-0.3940565509777099,0.30209033207127417,-1.192352432696261,-0.8836264249811983,-0.1416462845637947,1.1291363757243709
2014-08-01,,-0.29746546056622586,0.07316221405784072,-1.240769003001339,0.25345770249421623,-0.8732035308190024,0.24465062104363725,-1.192352432696261,-0.9456126934326943,-0.02905731491510593,1.0306197641448818
2014-09-01,4.832259330312638,0.16480505707261456,0.1651893214063026,0.5026861519164213,-0.5080398192241032,-0.7868352757096904,0.12977119898836442,-1.192352432696261,-0.8887919473521564,-0.02905731491510593,1.0525123444958795
2014-10-01,,-0.10230868151871073,0.10858910382745543,0.6275512207098866,-0.058104446117118236,-0.887344250792928,0.014891776933091093,-1.192352432696261,-1.0075989618841903,0.1398261395579272,0.9321031525653931
2014-11-01,,0.4837729645538882,0.16128849091423914,-0.8920367963760766,-0.04408301404467289,-1.516267079002351,0.07233148796072751,-1.192352432696261,-0.9921023947713161,0.23834148800052954,0.8664254115124004
2014-12-01,2.0178344061733355,-0.12158021258790365,0.1455851601995579,0.8931763108889805,-0.8378236650199886,-1.965608961761815,-0.04254793409454583,-1.1795361067240102,-1.0540886632228121,0.3368568364431319,0.6146607374759288
2015-01-01,,-0.8792320183289886,0.07804439243177728,0.14848438876875572,-0.579756825037363,-3.1967220206061544,0.014891776933091093,-1.1838082153814273,-1.2245509014644262,0.39315132126747626,0.35194977326395827
2015-02-01,,-0.7361237433533911,0.12961813772473774,-2.5799577815175625,-0.37831029484132006,0.13048096409706916,-0.09998764512218225,-1.1838082153814273,-1.172895677754846,0.3368568364431319,0.3847886437904546
2015-03-01,3.5858191507699644,-0.4394770494507815,-0.02428184846813368,1.0304968197984368,0.7620792235742129,0.18973455825089897,-0.15742735614981865,-1.1838082153814273,-1.1419025435290981,0.2946359728248739,0.4285738044924495
2015-04-01,,-0.6452892717938811,0.14216575124286426,2.748175490794075,-0.19295861652070836,-0.4249774240203586,-0.15742735614981865,-1.1795361067240102,-1.1935577672386781,0.3509304576492183,0.4285738044924495
2015-05-01,,-0.5435021829597038,0.20639821275091672,-1.243440155839217,0.2962573826452801,0.4142261535106578,-0.04254793409454583,-1.1795361067240102,-1.05925418559377,0.5620347757405094,0.6365533178269263
2015-06-01,2.469978633014591,-0.4198703965630937,0.045537752045770596,1.4163717337072137,-0.22009799559925738,0.21724364920546851,-0.21486706717745557,-1.1752639980665935,-0.9766058276584423,0.6746237453891981,0.735069929406415
2015-07-01,,0.5135860304578987,0.1491563227539408,-0.6343249743514943,0.36970058093824143,-0.22243680457809523,-0.27230677820509197,-1.1752639980665935,-0.9972679171422743,0.8294335786561449,0.7131773490554175
2015-08-01,,-0.292645040859071,0.010473399376133553,-0.17296383183894962,-0.287755560076257,-0.8150983860971396,-0.3297464892327289,-1.1709918894091766,-1.0747507527066442,1.0264642755413502,0.5051978357209409
2015-09-01,1.5977848462760846,-0.38538326319967936,0.025284402453050376,1.026542369299561,-0.547716474692192,-1.6526358633944866,-0.3871862002603653,-1.1709918894091766,-1.0747507527066442,1.2375685936326413,0.49425154554544215
2015-10-01,,-0.5847258943650395,0.16859156335576017,-1.8539411021926522,-0.46398977798228164,-0.4447207365099395,-0.3871862002603653,-1.1795361067240102,-1.1264059764162242,1.378304805693502,0.4614126750189458
2015-11-01,,-0.8311793549155628,0.0982917985405603,1.3128005965064071,0.006391379507121907,-0.368305934767651,-0.3297464892327289,-1.1795361067240102,-1.0282610513680224,1.2797894572508999,0.4066812241414519
2015-12-01,0.7372366908420247,-0.5914171741682207,0.1350668670489077,-0.2798611376855091,-0.06479066016118835,-1.2148384036972504,-0.3871862002603653,-1.1282708028350084,-1.038592096109938,1.3079366996630721,0.2753257420354668
2016-01-01,,0.3937680662160557,0.008596511681447939,-0.6096215672805397,-0.5563789806261047,-0.984531760939199,-0.5020656223156387,-1.0855497162608403,-1.1160749316743082,1.5049673965482768,0.19870171080697535
2016-02-01,,-0.6188223399687216,0.06681090260814705,1.473624971444717,0.1779786859858443,-1.3097185673651093,-0.4446259112880018,-1.068461281631173,-1.276206125174006,1.7864398206699987,0.04545364834999268
2016-03-01,2.311386607388499,-0.8373029738737969,0.12201466124369983,-1.2403983565655885,-0.39085540532360047,0.3536546799116942,-0.3871862002603653,-1.0770054989460065,-1.2193853790934683,1.3360839420752442,0.0016684876479975644
2016-04-01,,0.21406557254526037,0.06254905461296742,0.5904280111047266,0.10812050997563674,0.6122471114022395,-0.3297464892327289,-1.0727333902885896,-1.260709558061132,0.9701697907170058,0.0345073581744939
2016-05-01,,-0.33442760617704836,-0.07230036721082259,-0.15919766103405586,-0.039681007304129726,0.06703639753051506,-0.5020656223156387,-1.0727333902885896,-1.260709558061132,0.8153599574500591,-0.020224092702999994
2016-06-01,1.2824382650691746,0.3438469949628785,0.11291483267874954,0.603892491688396,0.527310935778733,0.22023229388686077,-0.4446259112880018,-1.068461281631173,-1.3485234383674183,0.8435071998622313,-0.1077944141069901
2016-07-01,,-0.00011849095953638256,0.22830865706220993,0.38291361274544433,-0.3156658600322139,-1.0014169995472415,-0.5020656223156387,-1.064189172973756,-1.4208407515608301,0.604255639358768,-0.19536473551098035
2016-08-01,,-0.2603978038329081,0.014706755174095885,-0.7140384547112253,-0.26644926557259774,-0.12456462613268253,-0.4446259112880018,-1.0599170643163391,-1.389847617335082,0.5479611545344236,-0.20631102568647913
2016-09-01,2.827543676441735,-0.21644241421629468,0.16575463544330074,-1.16878544917126,0.16248733959974954,0.16342370652127874,-0.3871862002603653,-1.0599170643163391,-1.3536889607383762,0.5479611545344236,-0.16252586498448401
2016-10-01,,-0.09875285064749617,-0.02503420078489573,2.6428820163042643,-0.09697387096849291,0.059071622790459605,-0.4446259112880018,-1.0599170643163391,-1.2865371699159223,0.46351942729790707,-0.09684812393149132
2016-11-01,,-0.5199551298466745,-0.006807079671058445,-1.7970397802434697,-0.375431575267775,-0.3741425137192378,-0.5595053333432751,-1.0556449556589222,-1.0902473198195182,0.39315132126747626,0.165862840280479
2016-12-01,2.2110741144842905,0.5478265628251531,0.09082227650370836,1.2027980143368193,0.7631607876479224,0.12671601304564306,-0.5595053333432751,-1.0001075431125037,-0.9094540368359881,0.06945803352749641,0.3191109027374619
2017-01-01,,-0.3695718377743662,0.08594687690517214,-0.6418183910503883,0.2527412697017785,0.6911555258938488,-0.5595053333432751,-0.9531143478809185,-0.9404471710617361,-0.0853517997394503,0.24248687150897047
2017-02-01,,-0.5046480199861468,0.0838236077815381,0.8471157423563023,-0.2444020616395329,-0.2200771729416657,-0.616945044370912,-0.9488422392235016,-0.9456126934326943,-0.09942542094553608,0.2315405813334717
2017-03-01,1.9428349324144278,0.5249660151064584,-0.0019283604157088298,-0.8340849847207594,-0.30674346251411433,-0.9877992929434292,-0.7318244664261848,-0.893304826677083,-0.9146195592069463,-0.12757266335770828,0.1768091304559778
2017-04-01,,0.8706322196903067,0.07155372953875865,-0.47442415411904065,0.0006798345033961771,-0.35358046947010785,-0.7318244664261848,-0.8463116314454979,-1.0075989618841903,-0.02905731491510593,0.05639993852549146
2017-05-01,,0.0010113997504950286,0.07129264752324979,0.1284596272716395,-0.6100629734042053,-1.1022720625473996,-0.7318244664261848,-0.842039522788081,-1.0075989618841903,-0.05720455732727812,-0.009277802527501215
2017-06-01,2.233244405191215,0.08599734617004173,0.06922112950643644,0.9832200716539189,0.1456773264315816,-0.5706082788244545,-0.7892641774538217,-0.7865021102416623,-1.0644197079647282,-0.15571990576988046,-0.18441844533548157
2017-07-01,,-0.34678194921962674,0.05630521607329695,-0.4407040352664208,-0.220172125784937,-0.6913659099979841,-0.7892641774538217,-0.7395089150100772,-0.9972679171422743,-0.3105297390368278,-0.06400925340499511
2017-08-01,,-0.5167263267256919,0.018142745704363007,-0.5009228330219043,-0.15263238791000136,0.6189268625224376,-0.7318244664261848,-0.7352368063526604,-1.0540886632228121,-0.26830887541856924,-0.15157957480898523
2017-09-01,3.141726102739284,-0.013693849846591442,-0.03435216315649724,0.24655276643100424,1.1785834050112451,1.085876075909138,-0.7892641774538217,-0.7395089150100772,-1.05925418559377,-0.26830887541856924,-0.20631102568647913
2017-10-01,,1.0752925649122012,0.012516999546284184,0.8026378800684046,-0.23037533678501249,-0.5246144893224985,-0.8467038884814582,-0.7395089150100772,-0.9766058276584423,-0.46533957230377454,-0.21725731586197777
2017-11-01,,0.1182111139669274,0.08627645364831842,0.16797522074695032,0.39348327326590554,0.1800853697125045,-0.8467038884814582,-0.7352368063526604,-0.9817713500294002,-0.5216340571281189,-0.38145166849445933
2017-12-01,4.48297110775755,0.07583235293533258,0.021201327687323294,-0.9943757372664074,0.11117306425413456,-0.028666063373898865,-0.9041435995090951,-0.6754272851488248,-0.9559437381746102,-0.6623702691889796,-0.490914570249447
2018-01-01,,-0.11571904022708711,0.008477067707326733,1.2654996277900157,-0.5686437202107287,0.7692437262497244,-0.9615833105367315,-0.6284340899172397,-0.8629643354973662,-0.8594009660741848,-0.5018608604249458
2018-02-01,,0.12131740764918414,0.23898716924695174,-0.21152988257509023,0.10886470173607672,0.18911562609306323,-0.9041435995090951,-0.6241619812598229,-0.7183297091105424,-0.9016218296924431,-0.35955908814346177
2018-03-01,3.2404778196678308,0.36072539486739447,0.0877343354588157,0.40992096457896643,-0.2882137737527462,-0.7418036587698895,-0.9615833105367315,-0.5857130033430714,-0.7286607538524583,-0.6905175116011517,-0.4799682800739484
2018-04-01,,0.9505381080565266,0.010531474853050941,-0.4068904021818881,-0.10908196124161797,0.1564300001946271,-0.9615833105367315,-0.5088150475095686,-0.7131641867395843,-0.6905175116011517,-0.5784848916534372
2018-05-01,,-0.992531356996554,0.172937782983705,0.7921678683459253,0.7013454923882488,0.027544116643721955,-1.0764627325920049,-0.5045429388521517,-0.6563434406590464,-0.6201494055707213,-0.5894311818289361
2018-06-01,2.11768492150739,0.637842348232403,0.07966958599125691,-1.6484201094778115,-0.5616792006079946,-0.4776318263026596,-0.9615833105367315,-0.45327763496314977,-0.6925020972557523,-0.5216340571281189,-0.6879477934084249
2018-07-01,,0.04278200956579029,-0.06128340117846811,0.17672121466971108,0.06878200940494114,-0.5224650886571226,-1.0764627325920049,-0.41482865704639843,-0.7028331419976682,-0.5497812995402911,-0.7974106951634126
2018-08-01,,0.5119004763375077,0.11399231447830212,0.8250809202755433,-0.23271119773369578,-0.14760659350260846,-1.0764627325920049,-0.41482865704639843,-0.7028331419976682,-0.5779285419524632,-0.8302495656899089
2018-09-01,2.487041930090328,-0.05071082123983711,-0.04273154003817892,-0.37576649493573044,-0.312089453281381,-0.045266314163915605,-1.1339024436196412,-0.39774022241673107,-0.6460123959171303,-0.5779285419524632,-0.8411958558654077
2018-10-01,,-0.2210755508238936,0.03537526339444098,-0.2931278476420003,0.4084663492126567,0.057915548266720386,-1.0764627325920049,-0.29520961463872725,-0.5685295603527604,-0.5216340571281189,-0.7864644049879138
2018-11-01,,-0.036867521001774754,-0.034866632116247624,-0.4186779189477889,0.15737934630932074,-1.0762285003324992,-1.0764627325920049,-0.2909375059813103,-0.5840261274656343,-0.26830887541856924,-0.8193032755144102
2018-12-01,0.5661759932735322,-0.09010240871393228,0.05549714628428516,-0.9586289902166906,-1.6075689665568493,-0.558211564207192,-1.019023021564368,-0.2610327453793926,-0.7338262762234162,0.01316354870315204,-0.9287661772693978
2019-01-01,,-0.7613122145937797,0.10748114311980195,1.449020051480945,-0.03792429444598426,-1.117574453381229,-0.9615833105367315,-0.2054953328329739,-0.7958125446749122,0.1679733819700994,-0.9178198870938991
2019-02-01,,-0.6460995907627074,-0.10854886293877881,-1.1364300035425876,-0.09098323628707411,0.30400742033446115,-1.0764627325920049,-0.2054953328329739,-0.8113091117877862,-0.02905731491510593,-0.9178198870938991
2019-03-01,2.4895091629069555,-0.07744807282775795,0.0867868308732636,0.7797338824834389,0.7692706832307478,0.5940984178383959,-1.0764627325920049,-0.20122322417555696,-0.8681298578683243,-0.02905731491510593,-0.9287661772693978
2019-04-01,,-0.6836791863384087,0.14643600641585655,0.8464326670234766,-0.2922374946889051,0.5858829191178834,-1.1339024436196412,-0.19695111551814024,-0.8887919473521564,-0.16979352697596686,-0.8959273067429016
2019-05-01,,-0.001896411402545427,-0.09094294299496802,0.215541663183744,0.44453609917145126,-0.7214950710703685,-1.191342154647278,-0.20976744149039064,-0.9559437381746102,-0.0853517997394503,-0.8959273067429016
2019-06-01,3.326711173158259,-0.07074673619483882,0.07900998379330622,-0.4969113959601296,-0.2827868476842228,-0.9347911352488734,-1.191342154647278,-0.21403955014780757,-1.1264059764162242,0.1398261395579272,-0.8193032755144102
2019-07-01,,-0.5860244196511017,-0.02764521392334574,-0.024330987949620936,0.217306217294039,0.046120044807761267,-1.1339024436196412,-0.2054953328329739,-1.131571498787182,-0.09942542094553608,-0.8630884362164053
2019-08-01,,0.5491019409373369,0.0891386156232541,1.325706183446586,0.21785953260054622,-0.4725555158939804,-1.191342154647278,-0.32084226658322823,-1.3536889607383762,-0.07127817853336389,-1.0382290790243855
2019-09-01,4.6528410323638525,-0.44312625420787066,0.057258444268468794,-0.601921382551545,-0.7762449086042458,-0.24011286762974973,-1.2487818656749146,-0.3592912444999796,-1.31753030414167,-0.11349904215162249,-1.0491753691998842
2019-10-01,,-0.9374276257631198,-0.03145402405165208,0.14211109987340032,-0.07814609150574627,0.23931872633973164,-1.191342154647278,-0.449005526305733,-1.312364781770712,-0.11349904215162249,-0.9287661772693978
2019-11-01,,0.3724211297930083,0.06655611280139584,0.27346084953121125,0.2448192627976746,0.2349085023155371,-1.191342154647278,-0.5686245687134042,-1.260709558061132,-0.22608801180031124,-0.8849810165674028
2019-12-01,2.7182543872214637,-0.33989762047878286,-0.0036328251294660734,1.7252211186336217,-0.14411823468834614,0.2709021450946047,-1.191342154647278,-0.5686245687134042,-1.2348819462063418,-0.380897845067258,-0.8302495656899089
2020-01-01,,-0.7525620548218328,0.09235419038394314,0.2757827628379147,-0.48477851816283574,-0.0976005651358438,-1.191342154647278,-0.5686245687134042,-1.2865371699159223,-0.3949714662733444,-0.8411958558654077
2020-02-01,,0.21213611572684146,0.1138242869221171,-0.2545083829791329,-0.19978140873855516,-0.636561541378893,-1.2487818656749146,-0.5558082427411536,-1.4208407515608301,-0.25423525421248344,-0.9178198870938991
2020-03-01,-5.300247883186415,-3.990027733050537,-1.338915239483465,-2.5688382587064282,-4.07505193071045,-2.5060963741798776,-0.7318244664261848,-0.9531143478809185,-1.7462686609311837,1.5894091237847934,-0.6441626327064299
2020-04-01,,-13.85066794051118,-19.465929286568223,-3.8486168308481283,-8.15843627983895,-3.7788379298759676,5.241905480448024,-1.2094408673259283,-1.8547446307213018,1.659777229815224,-0.6332163425309312
2020-05-01,,1.4793616278431851,2.519407596401394,1.3391883682034638,10.15352766332686,-1.1486819165969377,4.322870104005837,-1.2094408673259283,-1.849579108350344,1.392378426899588,-0.5565923113024397
2020-06-01,-32.81728241610793,6.0513635848704075,4.427354480052464,2.5289745990979786,3.5854431962603646,0.9898097774646081,3.0591964613978315,-1.1966245413536776,-1.8185859741245958,0.8716544422744035,-0.5128071506004446
2020-07-01,,3.4593367608703653,1.403851322093226,2.390905639113646,0.5741335017380477,1.0821856813479855,2.5996787731767386,-1.192352432696261,-1.8754067202051337,0.5620347757405094,-0.5784848916534372
2020-08-01,,0.8313928741276074,1.3697084299820912,-1.13008867608929,0.01138434404864336,0.5753553641846921,1.56576397467928,-1.188080324038844,-1.85991015309226,0.46351942729790707,-0.5456460211269409
2020-09-01,29.902998544979198,-0.10175358203785333,0.7768271487274852,0.6918832740597191,0.9378624949197216,0.164513393357003,1.22112570851346,-1.192352432696261,-1.8444135859793858,0.5479611545344236,-0.5128071506004446
2020-10-01,,0.664855153162832,0.5297621760037546,0.5991731385120821,-0.47610418664596227,-0.3519703427392476,0.7041683092647306,-1.192352432696261,-1.7875928398988479,0.505740290916165,-0.4033442488454569
2020-11-01,,0.22908534414224577,0.1393966379574433,0.0065153788177714275,-0.5734277388144705,0.03356540852905084,0.5892888872094573,-1.192352432696261,-1.7462686609311837,0.19612062438227157,-0.3376665077924643
2020-12-01,4.508555862817332,1.1597887947390029,-0.28690559947111627,0.5807855710909947,0.7828479177574538,0.8037635212583409,0.5892888872094573,-1.192352432696261,-1.7152755267054358,-0.0853517997394503,-0.22820360603747655
2021-01-01,,0.39745821360236216,0.17827078333485105,0.13243747086728694,1.7341774675754478,0.09897992554205783,0.4169697541265475,-1.192352432696261,-1.6377926911410658,-0.18386714818205266,-0.06400925340499511
2021-02-01,,-3.3776197895995757,0.3647728791151595,-1.8987580844149479,-1.8259555577556896,0.450624308134478,0.30209033207127417,-1.1966245413536776,-1.5448132884638222,-0.18386714818205266,0.14397025992948145
2021-03-01,5.544658613895592,2.660775966001711,0.6717230792585613,2.4184737587474885,5.889096782643781,1.1366356993707618,0.24465062104363725,-1.2008966500110945,-1.3640200054802918,-0.22608801180031124,0.49425154554544215
2021-04-01,,0.05684560269101018,0.21158213827732186,-1.6037738864348166,0.06928904273189439,1.5057335796526303,0.24465062104363725,-1.2008966500110945,-1.3485234383674183,-0.4512659510976884,0.5051978357209409
2021-05-01,,0.7442450350344301,0.3233827577927292,0.7849233955188238,-0.8704767828626957,1.652614335563571,0.07233148796072751,-1.2051687586685114,-1.3588544831093339,-0.40904508747943014,0.5051978357209409
2021-06-01,6.750285416705282,0.24239184169912434,0.5743421520420694,0.48738740308244893,0.18224831493919236,2.3287263664947915,0.12977119898836442,-1.1966245413536776,-1.410509706818914,-0.5216340571281189,0.34100348308845946
2021-07-01,,0.32619532982961547,0.7400300919170495,-0.41024980101419706,-1.5643795735857828,0.9034218782867884,-0.15742735614981865,-1.188080324038844,-1.5138201542380738,-0.5216340571281189,0.10018509922748657
2021-08-01,,-0.315832336321907,0.3835981941352977,-0.017486975923696604,0.22490209015667334,0.24513586823827002,-0.3297464892327289,-1.192352432696261,-1.534482243721906,-0.46533957230377454,0.06734622870099025
2021-09-01,3.2866716567674814,-1.2720757637256126,0.2964224113905144,-0.13035709342899673,0.2558656641411505,0.8702977941845845,-0.5595053333432751,-1.1966245413536776,-1.4879925423832838,-0.6060757843646352,0.13302396975398267
2021-10-01,,1.1824339451240742,0.6028614802779914,0.022694403251063328,0.7687628614884805,2.7634952650540763,-0.6743847553985485,-1.1966245413536776,-1.379516572593166,-0.73273837521941,0.19870171080697535
2021-11-01,,0.54247490367325,0.47186165692607895,0.9865466000755625,0.41838682291528984,2.3673578543224,-0.9041435995090951,-1.1966245413536776,-1.389847617335082,-0.8031064812498405,0.04545364834999268
2021-12-01,6.804809235885756,-0.39627503137186754,0.4055007634366967,0.13316317906709446,-0.6557039095256045,1.7526875227095209,-1.019023021564368,-1.1966245413536776,-1.436337318673704,-0.6342230267768073,-0.23914989621297533
2022-01-01,,-0.4883850403921687,0.053501326555699044,-0.1426130528402534,1.2228243835867856,1.4343431546842278,-0.9615833105367315,-1.1966245413536776,-1.2865371699159223,-0.6623702691889796,-0.25009618638847414
2022-02-01,,0.4861263561286981,0.6080411485299029,0.25165133934079337,0.16029126774579808,1.7605200738203202,-1.019023021564368,-1.1966245413536776,-1.1987232896096363,-0.3527506026550858,-0.5565923113024397
2022-03-01,-1.0204951651815009,0.4474816021095329,0.31581860424093844,-0.16383859531595546,0.9367171431335388,3.3238346851970006,-1.1339024436196412,-1.1453592374646757,-1.0954128421904763,-0.18386714818205266,-0.8630884362164053
2022-04-01,,-0.06668194382138189,0.15518342175170194,0.7874195461441394,0.46434630405924554,0.3345295110646073,-1.1339024436196412,-1.089821824918257,-0.7751504551910803,-0.535707678334205,-0.874034726391904
2022-05-01,,-0.21593170215158503,0.14851953637471837,-2.2007924846305214,-0.34425575162854427,2.706903409185828,-1.191342154647278,-0.9018490439919166,-0.6976676196267103,-0.09942542094553608,-0.7974106951634126
2022-06-01,0.6256983803410776,-0.41679324509814586,0.26392717998087034,0.17219257231598203,0.379235527563385,3.8414953943239882,-1.191342154647278,-0.7138762630655763,-0.5736950827237183,-0.22608801180031124,-0.9397124674448966
2022-07-01,,0.08301582324577025,0.5058883998125061,-1.4754279827427257,-0.8950745365977185,-0.8691653249533036,-1.2487818656749146,-0.5130871561669854,-0.6976676196267103,0.027237169909238447,-1.257154882534361
2022-08-01,,-0.235556676197906,0.13650910337693759,1.322781546880058,-0.021482915414033125,-0.5809373671839654,-1.191342154647278,-0.23540009343489163,-0.6976676196267103,-0.05720455732727812,-1.4870269762198352
2022-09-01,2.877225330117028,0.07375395345699713,0.07554581585160114,-0.3571433235406015,-0.4136607978812697,0.7652809467239684,-1.2487818656749146,-0.13714159431430462,-0.37740523262731446,-0.16979352697596686,-1.4760806860443365
2022-10-01,,-0.15121009897176058,0.193463299587702,-0.4564557694057824,0.3635800877599099,1.2670257945400334,-1.191342154647278,0.08500805587137039,-0.13979120356324656,-0.014983693709020147,-1.5308121369218304
2022-11-01,,-0.3999071643238156,0.14628392389518835,-0.09171367130142474,-1.1485793869933527,0.16001030822996348,-1.191342154647278,0.38405566189054813,-0.18628090490186847,-0.15571990576988046,-1.771630520782803
2022-12-01,2.7514765401292607,-1.2644776205793544,-0.028706665268315595,-1.0781549400570642,-1.008746088343096,-0.7561234068001426,-1.2487818656749146,0.5207631389278865,-0.3257500089177344,-0.4512659510976884,-1.8373082618357957
2023-01-01,,0.6025540862709422,0.2580030941426455,0.513557059744886,2.207317893781641,1.1629042387614181,-1.2487818656749146,0.6190216380484738,-0.37223971025635655,-0.4512659510976884,-1.8482545520112947
2023-02-01,,0.01802701408397045,0.13374556347670807,0.3580444366644639,-0.8360751018402266,0.4628355958884635,-1.191342154647278,0.7215522458264777,-0.2585982180952805,-0.6342230267768073,-1.968663743941781
2023-03-01,2.884974679699326,0.25110328882798216,-0.05654241724760082,-0.19581988645371182,-1.007980215883537,-0.35485971915559733,-1.2487818656749146,0.7557291150858123,-0.3050879194339024,-0.338676981449,-1.8044693913092995
2023-04-01,,0.10939551700805888,0.09131630856304032,-0.20850304578908332,0.31148755097630737,0.44953282718795884,-1.3062215767025513,0.8326270709193151,-0.40839836685306247,-0.3105297390368278,-1.7168990699053093
2023-05-01,,-0.4255993412168861,0.12426067429734965,2.009256744632908,0.027877471770012166,-0.21187498341893873,-1.191342154647278,0.9308855700399019,-0.3515776207725245,-0.12757266335770828,-1.7168990699053093
2023-06-01,2.503636219206129,-0.8956121437082092,0.07700258355131212,-1.3796941651032488,0.023888392892806684,0.021517757428061807,-1.191342154647278,0.9394297873547357,-0.2585982180952805,-0.40904508747943014,-2.0781266456967686
2023-07-01,,0.6467332089628659,0.02399378585884661,0.35214197198726854,-0.1654771783292343,-0.08439417318808988,-1.2487818656749146,0.9565182219844031,-0.18111538253091058,-0.6342230267768073,-2.121911806398764
2023-08-01,,-0.17880108990319957,0.0705797767527843,-1.3093266091069558,0.3926720087849657,0.9854336087087899,-1.1339024436196412,1.0462325037901563,-0.041646278515044634,-0.6201494055707213,-1.9029860028887884
2023-09-01,4.5880109584366835,0.06105994726181109,0.017715244614632145,0.5194738441712777,0.16292642152539302,0.6383510935300958,-1.1339024436196412,1.0462325037901563,0.06682969127507331,-0.7186647540133239,-1.8044693913092995
2023-10-01,,-0.6463026519306944,0.020126610669051186,-0.02144793700636523,-0.5833105350574659,-0.3041601156937499,-1.019023021564368,1.0462325037901563,0.28378163085530916,-0.6482966479828934,-1.399456654815845
2023-11-01,,0.26723521115400223,-0.007114896450031121,1.3009796967238216,-0.43000726099358033,-0.26612702926116194,-1.1339024436196412,1.0462325037901563,0.12881595972656934,-0.7045911328072378,-1.5198658467463313
2023-12-01,3.3620596105876643,-0.36537814630486726,0.015649283836080705,0.06539966114474483,-0.15536737288103988,-0.09658229656279427,-1.0764627325920049,1.0462325037901563,-0.11912911407941479,-0.9438426933107011,-1.585543587799324
2024-01-01,,-1.456303731608021,0.03327447165034451,-1.2260987954653049,-0.7825442629549887,0.34060201959144903,-1.1339024436196412,1.0462325037901563,-0.09846702459558278,-0.9438426933107011,-1.3885103646403463
2024-02-01,,0.9208895813758892,0.059283124299558204,1.4966864226283367,0.21889705811778148,0.711383485154398,-1.019023021564368,1.0462325037901563,-0.020984189031212623,-1.0282844205472177,-1.4760806860443365
2024-03-01,0.8385657658578793,0.05303432064456414,0.07760260487540649,-2.137940827996236,0.0603155998387474,0.8353335125893001,-1.019023021564368,1.0462325037901563,-0.020984189031212623,-1.05643166295939,-1.5198658467463313
2024-04-01,,-0.3211353801332825,-0.060799844506003085,0.6977210261819058,-0.25754600617681134,-0.004929500257694937,-1.019023021564368,1.0462325037901563,0.14947804921040134,-1.1690206326080785,-1.4651343958688376
2024-05-01,,0.4846258344489751,-0.04902984687946807,-0.645831034370373,0.2586056541706335,-0.6324925229968131,-1.019023021564368,1.0462325037901563,0.11848491498465355,-1.1549470114019924,-1.5089195565708327
2024-06-01,3.5263554170946065,-0.0840511756943634,-0.04148614939704804,0.11277231792258509,-0.26763180598964553,-0.9695537150791433,-0.9041435995090951,1.0462325037901563,0.03067103467836717,-1.0986525265776481,-1.5745972976238252
2024-07-01,,-1.0020153004917625,-0.07013427429884474,-0.6042843172944712,0.3715425629678204,-0.1886458247293472,-0.8467038884814582,1.0462325037901563,-0.00032209954738061345,-0.9860635569289594,-1.3775640744648474
2024-08-01,,0.32735227205437034,-0.10716773104056175,1.2185858247211159,-0.4534995432929308,-0.2276858947011631,-0.8467038884814582,1.0462325037901563,-0.19661194964378448,-0.7890328600437544,-1.2024234316568672
2024-09-01,3.2855812596196188,-0.7178314423112223,0.01561917336433009,-0.3093802545150584,0.30073910040486895,-0.018824245334520824,-0.9041435995090951,0.9607903306418198,-0.2740947852081544,-0.8312537236620127,-0.9944439183223905
2024-10-01,,-0.4442764895397893,-0.08700339115802225,-0.040606301006821034,0.17777507476550666,0.2501458323552692,-0.9041435995090951,0.8326270709193151,-0.07780493511175077,-1.0705052841654759,-0.9725513379713929
2024-11-01,,-0.28689616233717025,-0.0021691226709642164,-0.543338543836332,0.13240306289618894,0.2447642218478973,-0.8467038884814582,0.7514570064283952,0.056498646533157525,-1.225315117432423,-0.9944439183223905
2024-12-01,1.8352819713321367,0.8931539637795711,0.08412654116445953,2.001014746516937,0.3183285245473273,0.4520020579129382,-0.9041435995090951,0.6831032679097263,0.07199521364603119,-1.2393887386385092,-0.9178198870938991
2025-01-01,,-0.3684721720487117,-0.1549938736493125,-1.3816048879523741,-0.8098286373584431,0.7763999958469776,-0.9615833105367315,0.6190216380484738,0.19596775054902324,-1.1830942538141647,-0.7098403737594224
2025-02-01,,0.8852302068182246,-0.07951899912047888,1.1906592911802631,-0.15276035328225063,0.024980181303946036,-0.8467038884814582,0.6190216380484738,0.10298834787177943,-1.1549470114019924,-0.8411958558654077
2025-03-01,-0.6505944225686733,-0.17050578698689267,-0.058572882850150755,-1.205859835657572,0.6104014943596264,-0.689899847108039,-0.8467038884814582,0.6190216380484738,0.015174467565493508,-0.9016218296924431,-0.7645718246369162
2025-04-01,,-0.029820439819993876,-0.02425137302088073,0.4053169281224471,-0.38565280028457116,-0.21112147660598796,-0.8467038884814582,0.6190216380484738,0.015174467565493508,-0.5497812995402911,-0.5565923113024397
2025-05-01,,-0.27000990898668603,-0.10385285598743671,-1.0992268595758203,-0.7735762269923617,-0.4434797781336235,-0.7892641774538217,0.6190216380484738,0.08749178075890532,-0.592002163158549,-0.5565923113024397
2025-06-01,3.766212643182598,0.37837680488858094,-0.13149226736012753,0.9653178817329187,0.3812933595126276,0.13319869697230868,-0.9041435995090951,0.6190216380484738,0.06682969127507331,-0.73273837521941,-0.5675386014779384
2025-07-01,,0.2829947595283498,-0.06114422917340081,0.35277461339692434,0.227186620360845,0.03705428700074995,-0.7892641774538217,0.6190216380484738,0.07199521364603119,-0.8171801024559265,-0.5456460211269409
2025-08-01,,-0.40728369531249065,-0.17336350074568305,-1.2092438280313622,0.10666156366658873,0.4829448821347228,-0.7892641774538217,0.6190216380484738,0.004843422823577274,-0.7749592388376683,-0.490914570249447
2025-09-01,4.282379361041677,0.06874527664207815,-0.05109484118492697,0.15397849617135514,-0.20306083306316552,0.2852855904353049,-0.7318244664261848,0.5720284428168885,-0.06747389036983453,-0.8171801024559265,-0.5018608604249458
2025-10-01,,-0.36388234209867454,-0.232007498749045,-0.5938420544286126,-0.32981886450203934,,,0.5164910302704698,-0.09846702459558278,-0.8594009660741848,-0.5128071506004446
2025-11-01,,0.3028565333530253,-0.08038789266375661,,0.10168539293379548,,-0.6743847553985485,0.42677674846471647,-0.08297045748270865,-0.73273837521941,-0.5128071506004446
2025-12-01,,0.24005790754538053,-0.07453402767000718,,-0.224496308140631,0.29531803771521026,-0.7318244664261848,0.35842300994604737,-0.057142845627918756,-0.7468119964254961,-0.4033442488454569
2026-01-01,,,-0.005908295670177438,,,-0.17697617581864344,-0.7892641774538217,0.3242461406867127,-0.020984189031212623,-0.8734745872802709,-0.35955908814346177
2026-02-01,,,,,,,,,,,
